/Volumes/arosmain/toolchain-mainline/x86_64-aros-g++ --sysroot=/Volumes/arosmain/build/bin/pc-x86_64/AROS/Developer -std=c++20 -O1 -fno-char8_t -fstrict-aliasing -w -DFMT_HEADER_ONLY=1 -DOPENLOCO_VERSION_TAG="probe" -DOPENLOCO_BRANCH="probe" -DOPENLOCO_COMMIT_SHA1="0" -DOPENLOCO_COMMIT_SHA1_SHORT="0" -DOPENLOCO_BUILD_SERVER="" -I~/Work/AROS-dev/aros-openloco/work/OpenLoco/src/OpenLoco/include -I~/Work/AROS-dev/aros-openloco/work/OpenLoco/src/OpenLoco/src -I~/Work/AROS-dev/aros-openloco/work/OpenLoco/src/OpenLoco/include/OpenLoco -I~/Work/AROS-dev/aros-openloco/work/OpenLoco/src/App/src -I~/Work/AROS-dev/aros-openloco/work/OpenLoco/src/Audio/include -I~/Work/AROS-dev/aros-openloco/work/OpenLoco/src/Audio/src -I~/Work/AROS-dev/aros-openloco/work/OpenLoco/src/Audio/include/OpenLoco -I~/Work/AROS-dev/aros-openloco/work/OpenLoco/src/Audio/include/OpenLoco/Audio -I~/Work/AROS-dev/aros-openloco/work/OpenLoco/src/Core/include -I~/Work/AROS-dev/aros-openloco/work/OpenLoco/src/Core/src -I~/Work/AROS-dev/aros-openloco/work/OpenLoco/src/Core/include/OpenLoco -I~/Work/AROS-dev/aros-openloco/work/OpenLoco/src/Core/include/OpenLoco/Core -I~/Work/AROS-dev/aros-openloco/work/OpenLoco/src/Diagnostics/include -I~/Work/AROS-dev/aros-openloco/work/OpenLoco/src/Diagnostics/src -I~/Work/AROS-dev/aros-openloco/work/OpenLoco/src/Diagnostics/include/OpenLoco -I~/Work/AROS-dev/aros-openloco/work/OpenLoco/src/Diagnostics/include/OpenLoco/Diagnostics -I~/Work/AROS-dev/aros-openloco/work/OpenLoco/src/Engine/include -I~/Work/AROS-dev/aros-openloco/work/OpenLoco/src/Engine/src -I~/Work/AROS-dev/aros-openloco/work/OpenLoco/src/Engine/include/OpenLoco -I~/Work/AROS-dev/aros-openloco/work/OpenLoco/src/Engine/include/OpenLoco/Engine -I~/Work/AROS-dev/aros-openloco/work/OpenLoco/src/Gfx/include -I~/Work/AROS-dev/aros-openloco/work/OpenLoco/src/Gfx/src -I~/Work/AROS-dev/aros-openloco/work/OpenLoco/src/Gfx/include/OpenLoco -I~/Work/AROS-dev/aros-openloco/work/OpenLoco/src/Gfx/include/OpenLoco/Gfx -I~/Work/AROS-dev/aros-openloco/work/OpenLoco/src/Math/include -I~/Work/AROS-dev/aros-openloco/work/OpenLoco/src/Math/src -I~/Work/AROS-dev/aros-openloco/work/OpenLoco/src/Math/include/OpenLoco -I~/Work/AROS-dev/aros-openloco/work/OpenLoco/src/Math/include/OpenLoco/Math -I~/Work/AROS-dev/aros-openloco/work/OpenLoco/src/Platform/include -I~/Work/AROS-dev/aros-openloco/work/OpenLoco/src/Platform/src -I~/Work/AROS-dev/aros-openloco/work/OpenLoco/src/Platform/include/OpenLoco -I~/Work/AROS-dev/aros-openloco/work/OpenLoco/src/Platform/include/OpenLoco/Platform -I~/Work/AROS-dev/aros-openloco/work/OpenLoco/src/Resources/include -I~/Work/AROS-dev/aros-openloco/work/OpenLoco/src/Resources/src -I~/Work/AROS-dev/aros-openloco/work/OpenLoco/src/Resources/include/OpenLoco -I~/Work/AROS-dev/aros-openloco/work/OpenLoco/src/Resources/include/OpenLoco/Resources -I~/Work/AROS-dev/aros-openloco/work/OpenLoco/src/Utility/include -I~/Work/AROS-dev/aros-openloco/work/OpenLoco/src/Utility/src -I~/Work/AROS-dev/aros-openloco/work/OpenLoco/src/Utility/include/OpenLoco -I~/Work/AROS-dev/aros-openloco/work/OpenLoco/src/Utility/include/OpenLoco/Utility -I~/Work/AROS-dev/aros-openloco/work/OpenLoco/src/Version/include -I~/Work/AROS-dev/aros-openloco/work/OpenLoco/src/Version/include/OpenLoco -I~/Work/AROS-dev/aros-openloco/work/OpenLoco/src/OpenLoco/src/World/CompanyAi -I~/Work/AROS-dev/aros-openloco/deps/mainline-v1/src/SDL3-3.4.12/include -I~/Work/AROS-dev/aros-openloco/deps/mainline-v1/src/fmt/include -I~/Work/AROS-dev/aros-openloco/deps/mainline-v1/src/sfl/include -I~/Work/AROS-dev/aros-openloco/deps/mainline-v1/src/yaml/include -I/Volumes/arosmain/build/bin/pc-x86_64/AROS/Developer/include -c ~/Work/AROS-dev/aros-openloco/work/OpenLoco/src/OpenLoco/src/World/CompanyAi/CompanyAi.cpp -o ~/Work/AROS-dev/aros-openloco/build/mainline-v1/compile-probe/OpenLoco_src_World_CompanyAi_CompanyAi.o
exit=1
~/Work/AROS-dev/aros-openloco/work/OpenLoco/src/OpenLoco/src/World/CompanyAi/CompanyAi.cpp: In function 'bool OpenLoco::chooseTrackObject(OpenLoco::CompanyId, OpenLoco::AiThought&)':
~/Work/AROS-dev/aros-openloco/work/OpenLoco/src/OpenLoco/src/World/CompanyAi/CompanyAi.cpp:3496:15: error: expected nested-name-specifier before 'enum'
 3496 |         using enum World::Track::TrackTraitFlags;
      |               ^~~~
~/Work/AROS-dev/aros-openloco/work/OpenLoco/src/OpenLoco/src/World/CompanyAi/CompanyAi.cpp:3497:31: error: 'smallCurve' was not declared in this scope
 3497 |         auto requiredTraits = smallCurve | slope | junction;
      |                               ^~~~~~~~~~
~/Work/AROS-dev/aros-openloco/work/OpenLoco/src/OpenLoco/src/World/CompanyAi/CompanyAi.cpp:3497:31: note: suggested alternatives:
In file included from ~/Work/AROS-dev/aros-openloco/work/OpenLoco/src/OpenLoco/include/OpenLoco/Objects/BridgeObject.h:3,
                 from ~/Work/AROS-dev/aros-openloco/work/OpenLoco/src/OpenLoco/src/World/CompanyAi/CompanyAi.cpp:46:
~/Work/AROS-dev/aros-openloco/work/OpenLoco/src/OpenLoco/include/OpenLoco/Map/Track/TrackEnum.h:82:9: note:   'OpenLoco::World::Track::CommonTraitFlags::smallCurve'
   82 |         smallCurve = 1U << 5,
      |         ^~~~~~~~~~
~/Work/AROS-dev/aros-openloco/work/OpenLoco/src/OpenLoco/include/OpenLoco/Map/Track/TrackEnum.h:113:9: note:   'OpenLoco::World::Track::RoadTraitFlags::smallCurve'
  113 |         smallCurve = 1U << 0,
      |         ^~~~~~~~~~
~/Work/AROS-dev/aros-openloco/work/OpenLoco/src/OpenLoco/include/OpenLoco/Map/Track/TrackEnum.h:99:9: note:   'OpenLoco::World::Track::TrackTraitFlags::smallCurve'
   99 |         smallCurve = 1U << 3,
      |         ^~~~~~~~~~
~/Work/AROS-dev/aros-openloco/work/OpenLoco/src/OpenLoco/src/World/CompanyAi/CompanyAi.cpp:3497:44: error: 'slope' was not declared in this scope
 3497 |         auto requiredTraits = smallCurve | slope | junction;
      |                                            ^~~~~
~/Work/AROS-dev/aros-openloco/work/OpenLoco/src/OpenLoco/src/World/CompanyAi/CompanyAi.cpp:3497:44: note: suggested alternatives:
In file included from ~/Work/AROS-dev/aros-openloco/work/OpenLoco/src/OpenLoco/include/OpenLoco/Objects/BridgeObject.h:3,
                 from ~/Work/AROS-dev/aros-openloco/work/OpenLoco/src/OpenLoco/src/World/CompanyAi/CompanyAi.cpp:46:
~/Work/AROS-dev/aros-openloco/work/OpenLoco/src/OpenLoco/include/OpenLoco/Map/Track/TrackEnum.h:77:9: note:   'OpenLoco::World::Track::CommonTraitFlags::slope'
   77 |         slope = 1U << 0,
      |         ^~~~~
~/Work/AROS-dev/aros-openloco/work/OpenLoco/src/OpenLoco/include/OpenLoco/Map/Track/TrackEnum.h:115:9: note:   'OpenLoco::World::Track::RoadTraitFlags::slope'
  115 |         slope = 1U << 2,
      |         ^~~~~
~/Work/AROS-dev/aros-openloco/work/OpenLoco/src/OpenLoco/include/OpenLoco/Map/Track/TrackEnum.h:101:9: note:   'OpenLoco::World::Track::TrackTraitFlags::slope'
  101 |         slope = 1U << 5,
      |         ^~~~~
~/Work/AROS-dev/aros-openloco/work/OpenLoco/src/OpenLoco/src/World/CompanyAi/CompanyAi.cpp:3497:52: error: 'junction' was not declared in this scope
 3497 |         auto requiredTraits = smallCurve | slope | junction;
      |                                                    ^~~~~~~~
~/Work/AROS-dev/aros-openloco/work/OpenLoco/src/OpenLoco/src/World/CompanyAi/CompanyAi.cpp:3497:52: note: suggested alternatives:
In file included from ~/Work/AROS-dev/aros-openloco/work/OpenLoco/src/OpenLoco/include/OpenLoco/Objects/BridgeObject.h:3,
                 from ~/Work/AROS-dev/aros-openloco/work/OpenLoco/src/OpenLoco/src/World/CompanyAi/CompanyAi.cpp:46:
~/Work/AROS-dev/aros-openloco/work/OpenLoco/src/OpenLoco/include/OpenLoco/Map/Track/TrackEnum.h:88:9: note:   'OpenLoco::World::Track::CommonTraitFlags::junction'
   88 |         junction = 1U << 11,
      |         ^~~~~~~~
~/Work/AROS-dev/aros-openloco/work/OpenLoco/src/OpenLoco/include/OpenLoco/Map/Track/TrackEnum.h:119:9: note:   'OpenLoco::World::Track::RoadTraitFlags::junction'
  119 |         junction = 1U << 6,
      |         ^~~~~~~~
~/Work/AROS-dev/aros-openloco/work/OpenLoco/src/OpenLoco/include/OpenLoco/Map/Track/TrackEnum.h:106:9: note:   'OpenLoco::World::Track::TrackTraitFlags::junction'
  106 |         junction = 1U << 10,
      |         ^~~~~~~~
~/Work/AROS-dev/aros-openloco/work/OpenLoco/src/OpenLoco/src/World/CompanyAi/CompanyAi.cpp:3506:35: error: 'steepSlope' was not declared in this scope
 3506 |                 requiredTraits |= steepSlope;
      |                                   ^~~~~~~~~~
~/Work/AROS-dev/aros-openloco/work/OpenLoco/src/OpenLoco/src/World/CompanyAi/CompanyAi.cpp:3506:35: note: suggested alternatives:
In file included from ~/Work/AROS-dev/aros-openloco/work/OpenLoco/src/OpenLoco/include/OpenLoco/Objects/BridgeObject.h:3,
                 from ~/Work/AROS-dev/aros-openloco/work/OpenLoco/src/OpenLoco/src/World/CompanyAi/CompanyAi.cpp:46:
~/Work/AROS-dev/aros-openloco/work/OpenLoco/src/OpenLoco/include/OpenLoco/Map/Track/TrackEnum.h:78:9: note:   'OpenLoco::World::Track::CommonTraitFlags::steepSlope'
   78 |         steepSlope = 1U << 1,
      |         ^~~~~~~~~~
~/Work/AROS-dev/aros-openloco/work/OpenLoco/src/OpenLoco/include/OpenLoco/Map/Track/TrackEnum.h:116:9: note:   'OpenLoco::World::Track::RoadTraitFlags::steepSlope'
  116 |         steepSlope = 1U << 3,
      |         ^~~~~~~~~~
~/Work/AROS-dev/aros-openloco/work/OpenLoco/src/OpenLoco/include/OpenLoco/Map/Track/TrackEnum.h:102:9: note:   'OpenLoco::World::Track::TrackTraitFlags::steepSlope'
  102 |         steepSlope = 1U << 6,
      |         ^~~~~~~~~~
~/Work/AROS-dev/aros-openloco/work/OpenLoco/src/OpenLoco/src/World/CompanyAi/CompanyAi.cpp:3535:31: error: 'steepSlope' was not declared in this scope
 3535 |         if ((requiredTraits & steepSlope) != World::Track::TrackTraitFlags::none)
      |                               ^~~~~~~~~~
~/Work/AROS-dev/aros-openloco/work/OpenLoco/src/OpenLoco/src/World/CompanyAi/CompanyAi.cpp:3535:31: note: suggested alternatives:
In file included from ~/Work/AROS-dev/aros-openloco/work/OpenLoco/src/OpenLoco/include/OpenLoco/Objects/BridgeObject.h:3,
                 from ~/Work/AROS-dev/aros-openloco/work/OpenLoco/src/OpenLoco/src/World/CompanyAi/CompanyAi.cpp:46:
~/Work/AROS-dev/aros-openloco/work/OpenLoco/src/OpenLoco/include/OpenLoco/Map/Track/TrackEnum.h:78:9: note:   'OpenLoco::World::Track::CommonTraitFlags::steepSlope'
   78 |         steepSlope = 1U << 1,
      |         ^~~~~~~~~~
~/Work/AROS-dev/aros-openloco/work/OpenLoco/src/OpenLoco/include/OpenLoco/Map/Track/TrackEnum.h:116:9: note:   'OpenLoco::World::Track::RoadTraitFlags::steepSlope'
  116 |         steepSlope = 1U << 3,
      |         ^~~~~~~~~~
~/Work/AROS-dev/aros-openloco/work/OpenLoco/src/OpenLoco/include/OpenLoco/Map/Track/TrackEnum.h:102:9: note:   'OpenLoco::World::Track::TrackTraitFlags::steepSlope'
  102 |         steepSlope = 1U << 6,
      |         ^~~~~~~~~~
~/Work/AROS-dev/aros-openloco/work/OpenLoco/src/OpenLoco/src/World/CompanyAi/CompanyAi.cpp: In function 'bool OpenLoco::chooseBasicRoadObject(OpenLoco::CompanyId, OpenLoco::AiThought&)':
~/Work/AROS-dev/aros-openloco/work/OpenLoco/src/OpenLoco/src/World/CompanyAi/CompanyAi.cpp:3562:19: error: expected nested-name-specifier before 'enum'
 3562 |             using enum RoadObjectFlags;
      |                   ^~~~
~/Work/AROS-dev/aros-openloco/work/OpenLoco/src/OpenLoco/src/World/CompanyAi/CompanyAi.cpp:3563:36: error: 'allowUseByAllCompanies' was not declared in this scope; did you mean 'OpenLoco::RoadObjectFlags::allowUseByAllCompanies'?
 3563 |             if ((roadObj->flags & (allowUseByAllCompanies | isRoad | anyRoadTypeCompatible | allowsJunctions)) != (allowUseByAllCompanies | isRoad | anyRoadTypeCompatible | allowsJunctions))
      |                                    ^~~~~~~~~~~~~~~~~~~~~~
      |                                    OpenLoco::RoadObjectFlags::allowUseByAllCompanies
In file included from ~/Work/AROS-dev/aros-openloco/work/OpenLoco/src/OpenLoco/src/World/CompanyAi/CompanyAi.cpp:54:
~/Work/AROS-dev/aros-openloco/work/OpenLoco/src/OpenLoco/include/OpenLoco/Objects/RoadObject.h:34:9: note: 'OpenLoco::RoadObjectFlags::allowUseByAllCompanies' declared here
   34 |         allowUseByAllCompanies = 1U << 7, // allow use by companies other than the owner
      |         ^~~~~~~~~~~~~~~~~~~~~~
~/Work/AROS-dev/aros-openloco/work/OpenLoco/src/OpenLoco/src/World/CompanyAi/CompanyAi.cpp:3563:61: error: 'isRoad' was not declared in this scope
 3563 |             if ((roadObj->flags & (allowUseByAllCompanies | isRoad | anyRoadTypeCompatible | allowsJunctions)) != (allowUseByAllCompanies | isRoad | anyRoadTypeCompatible | allowsJunctions))
      |                                                             ^~~~~~
~/Work/AROS-dev/aros-openloco/work/OpenLoco/src/OpenLoco/src/World/CompanyAi/CompanyAi.cpp:3563:61: note: suggested alternatives:
In file included from ~/Work/AROS-dev/aros-openloco/work/OpenLoco/src/OpenLoco/src/World/CompanyAi/CompanyAi.cpp:57:
~/Work/AROS-dev/aros-openloco/work/OpenLoco/src/OpenLoco/include/OpenLoco/Objects/TrackObject.h:26:9: note:   'OpenLoco::TrackObjectFlags::isRoad'
   26 |         isRoad = 1U << 2,        // controls if the object appears in the roads menu instead of the track menu
      |         ^~~~~~
In file included from ~/Work/AROS-dev/aros-openloco/work/OpenLoco/src/OpenLoco/src/World/CompanyAi/CompanyAi.cpp:54:
~/Work/AROS-dev/aros-openloco/work/OpenLoco/src/OpenLoco/include/OpenLoco/Objects/RoadObject.h:33:9: note:   'OpenLoco::RoadObjectFlags::isRoad'
   33 |         isRoad = 1U << 6,                 // if not set this is tram track
      |         ^~~~~~
~/Work/AROS-dev/aros-openloco/work/OpenLoco/src/OpenLoco/src/World/CompanyAi/CompanyAi.cpp:3563:70: error: 'anyRoadTypeCompatible' was not declared in this scope; did you mean 'OpenLoco::RoadObjectFlags::anyRoadTypeCompatible'?
 3563 |             if ((roadObj->flags & (allowUseByAllCompanies | isRoad | anyRoadTypeCompatible | allowsJunctions)) != (allowUseByAllCompanies | isRoad | anyRoadTypeCompatible | allowsJunctions))
      |                                                                      ^~~~~~~~~~~~~~~~~~~~~
      |                                                                      OpenLoco::RoadObjectFlags::anyRoadTypeCompatible
In file included from ~/Work/AROS-dev/aros-openloco/work/OpenLoco/src/OpenLoco/src/World/CompanyAi/CompanyAi.cpp:54:
~/Work/AROS-dev/aros-openloco/work/OpenLoco/src/OpenLoco/include/OpenLoco/Objects/RoadObject.h:30:9: note: 'OpenLoco::RoadObjectFlags::anyRoadTypeCompatible' declared here
   30 |         anyRoadTypeCompatible = 1U << 3,  // when used can't have mods
      |         ^~~~~~~~~~~~~~~~~~~~~
~/Work/AROS-dev/aros-openloco/work/OpenLoco/src/OpenLoco/src/World/CompanyAi/CompanyAi.cpp:3563:94: error: 'allowsJunctions' was not declared in this scope; did you mean 'OpenLoco::RoadObjectFlags::allowsJunctions'?
 3563 |             if ((roadObj->flags & (allowUseByAllCompanies | isRoad | anyRoadTypeCompatible | allowsJunctions)) != (allowUseByAllCompanies | isRoad | anyRoadTypeCompatible | allowsJunctions))
      |                                                                                              ^~~~~~~~~~~~~~~
      |                                                                                              OpenLoco::RoadObjectFlags::allowsJunctions
In file included from ~/Work/AROS-dev/aros-openloco/work/OpenLoco/src/OpenLoco/src/World/CompanyAi/CompanyAi.cpp:54:
~/Work/AROS-dev/aros-openloco/work/OpenLoco/src/OpenLoco/include/OpenLoco/Objects/RoadObject.h:29:9: note: 'OpenLoco::RoadObjectFlags::allowsJunctions' declared here
   29 |         allowsJunctions = 1U << 2,
      |         ^~~~~~~~~~~~~~~
~/Work/AROS-dev/aros-openloco/work/OpenLoco/src/OpenLoco/src/World/CompanyAi/CompanyAi.cpp:3567:35: error: 'isOneWay' was not declared in this scope
 3567 |             if (roadObj->hasFlags(isOneWay))
      |                                   ^~~~~~~~
~/Work/AROS-dev/aros-openloco/work/OpenLoco/src/OpenLoco/src/World/CompanyAi/CompanyAi.cpp:3567:35: note: suggested alternatives:
In file included from ~/Work/AROS-dev/aros-openloco/work/OpenLoco/src/OpenLoco/src/World/CompanyAi/CompanyAi.cpp:54:
~/Work/AROS-dev/aros-openloco/work/OpenLoco/src/OpenLoco/include/OpenLoco/Objects/RoadObject.h:27:9: note:   'OpenLoco::RoadObjectFlags::isOneWay'
   27 |         isOneWay = 1U << 0,
      |         ^~~~~~~~
In file included from ~/Work/AROS-dev/aros-openloco/work/OpenLoco/src/OpenLoco/src/World/CompanyAi/CompanyAi.cpp:63:
~/Work/AROS-dev/aros-openloco/work/OpenLoco/src/OpenLoco/include/OpenLoco/Vehicles/Vehicle.h:245:9: note:   'OpenLoco::Vehicles::RoadOccupationFlags::isOneWay'
  245 |         isOneWay = 1U << 4,
      |         ^~~~~~~~
~/Work/AROS-dev/aros-openloco/work/OpenLoco/src/OpenLoco/src/World/CompanyAi/CompanyAi.cpp: In function 'bool OpenLoco::chooseTramRoadObject(OpenLoco::CompanyId, OpenLoco::AiThought&)':
~/Work/AROS-dev/aros-openloco/work/OpenLoco/src/OpenLoco/src/World/CompanyAi/CompanyAi.cpp:3604:19: error: expected nested-name-specifier before 'enum'
 3604 |             using enum RoadObjectFlags;
      |                   ^~~~
~/Work/AROS-dev/aros-openloco/work/OpenLoco/src/OpenLoco/src/World/CompanyAi/CompanyAi.cpp:3605:35: error: 'allowUseByAllCompanies' was not declared in this scope; did you mean 'OpenLoco::RoadObjectFlags::allowUseByAllCompanies'?
 3605 |             if (roadObj->hasFlags(allowUseByAllCompanies | isRoad | anyRoadTypeCompatible | isOneWay))
      |                                   ^~~~~~~~~~~~~~~~~~~~~~
      |                                   OpenLoco::RoadObjectFlags::allowUseByAllCompanies
In file included from ~/Work/AROS-dev/aros-openloco/work/OpenLoco/src/OpenLoco/src/World/CompanyAi/CompanyAi.cpp:54:
~/Work/AROS-dev/aros-openloco/work/OpenLoco/src/OpenLoco/include/OpenLoco/Objects/RoadObject.h:34:9: note: 'OpenLoco::RoadObjectFlags::allowUseByAllCompanies' declared here
   34 |         allowUseByAllCompanies = 1U << 7, // allow use by companies other than the owner
      |         ^~~~~~~~~~~~~~~~~~~~~~
~/Work/AROS-dev/aros-openloco/work/OpenLoco/src/OpenLoco/src/World/CompanyAi/CompanyAi.cpp:3605:60: error: 'isRoad' was not declared in this scope
 3605 |             if (roadObj->hasFlags(allowUseByAllCompanies | isRoad | anyRoadTypeCompatible | isOneWay))
      |                                                            ^~~~~~
~/Work/AROS-dev/aros-openloco/work/OpenLoco/src/OpenLoco/src/World/CompanyAi/CompanyAi.cpp:3605:60: note: suggested alternatives:
In file included from ~/Work/AROS-dev/aros-openloco/work/OpenLoco/src/OpenLoco/src/World/CompanyAi/CompanyAi.cpp:57:
~/Work/AROS-dev/aros-openloco/work/OpenLoco/src/OpenLoco/include/OpenLoco/Objects/TrackObject.h:26:9: note:   'OpenLoco::TrackObjectFlags::isRoad'
   26 |         isRoad = 1U << 2,        // controls if the object appears in the roads menu instead of the track menu
      |         ^~~~~~
In file included from ~/Work/AROS-dev/aros-openloco/work/OpenLoco/src/OpenLoco/src/World/CompanyAi/CompanyAi.cpp:54:
~/Work/AROS-dev/aros-openloco/work/OpenLoco/src/OpenLoco/include/OpenLoco/Objects/RoadObject.h:33:9: note:   'OpenLoco::RoadObjectFlags::isRoad'
   33 |         isRoad = 1U << 6,                 // if not set this is tram track
      |         ^~~~~~
~/Work/AROS-dev/aros-openloco/work/OpenLoco/src/OpenLoco/src/World/CompanyAi/CompanyAi.cpp:3605:69: error: 'anyRoadTypeCompatible' was not declared in this scope; did you mean 'OpenLoco::RoadObjectFlags::anyRoadTypeCompatible'?
 3605 |             if (roadObj->hasFlags(allowUseByAllCompanies | isRoad | anyRoadTypeCompatible | isOneWay))
      |                                                                     ^~~~~~~~~~~~~~~~~~~~~
      |                                                                     OpenLoco::RoadObjectFlags::anyRoadTypeCompatible
In file included from ~/Work/AROS-dev/aros-openloco/work/OpenLoco/src/OpenLoco/src/World/CompanyAi/CompanyAi.cpp:54:
~/Work/AROS-dev/aros-openloco/work/OpenLoco/src/OpenLoco/include/OpenLoco/Objects/RoadObject.h:30:9: note: 'OpenLoco::RoadObjectFlags::anyRoadTypeCompatible' declared here
   30 |         anyRoadTypeCompatible = 1U << 3,  // when used can't have mods
      |         ^~~~~~~~~~~~~~~~~~~~~
~/Work/AROS-dev/aros-openloco/work/OpenLoco/src/OpenLoco/src/World/CompanyAi/CompanyAi.cpp:3605:93: error: 'isOneWay' was not declared in this scope
 3605 |             if (roadObj->hasFlags(allowUseByAllCompanies | isRoad | anyRoadTypeCompatible | isOneWay))
      |                                                                                             ^~~~~~~~
~/Work/AROS-dev/aros-openloco/work/OpenLoco/src/OpenLoco/src/World/CompanyAi/CompanyAi.cpp:3605:93: note: suggested alternatives:
In file included from ~/Work/AROS-dev/aros-openloco/work/OpenLoco/src/OpenLoco/src/World/CompanyAi/CompanyAi.cpp:54:
~/Work/AROS-dev/aros-openloco/work/OpenLoco/src/OpenLoco/include/OpenLoco/Objects/RoadObject.h:27:9: note:   'OpenLoco::RoadObjectFlags::isOneWay'
   27 |         isOneWay = 1U << 0,
      |         ^~~~~~~~
In file included from ~/Work/AROS-dev/aros-openloco/work/OpenLoco/src/OpenLoco/src/World/CompanyAi/CompanyAi.cpp:63:
~/Work/AROS-dev/aros-openloco/work/OpenLoco/src/OpenLoco/include/OpenLoco/Vehicles/Vehicle.h:245:9: note:   'OpenLoco::Vehicles::RoadOccupationFlags::isOneWay'
  245 |         isOneWay = 1U << 4,
      |         ^~~~~~~~
~/Work/AROS-dev/aros-openloco/work/OpenLoco/src/OpenLoco/src/World/CompanyAi/CompanyAi.cpp: In function 'OpenLoco::TrackRoadRemoveQueryFlags OpenLoco::queryRoadForRemoval(OpenLoco::World::Pos3, uint16_t, uint8_t, OpenLoco::CompanyId)':
~/Work/AROS-dev/aros-openloco/work/OpenLoco/src/OpenLoco/src/World/CompanyAi/CompanyAi.cpp:6486:15: error: expected nested-name-specifier before 'enum'
 6486 |         using enum TrackRoadRemoveQueryFlags;
      |               ^~~~
~/Work/AROS-dev/aros-openloco/work/OpenLoco/src/OpenLoco/src/World/CompanyAi/CompanyAi.cpp:6490:20: error: 'roadTypeShouldNotBeRemoved' was not declared in this scope; did you mean 'OpenLoco::TrackRoadRemoveQueryFlags::roadTypeShouldNotBeRemoved'?
 6490 |             return roadTypeShouldNotBeRemoved;
      |                    ^~~~~~~~~~~~~~~~~~~~~~~~~~
      |                    OpenLoco::TrackRoadRemoveQueryFlags::roadTypeShouldNotBeRemoved
~/Work/AROS-dev/aros-openloco/work/OpenLoco/src/OpenLoco/src/World/CompanyAi/CompanyAi.cpp:6474:9: note: 'OpenLoco::TrackRoadRemoveQueryFlags::roadTypeShouldNotBeRemoved' declared here
 6474 |         roadTypeShouldNotBeRemoved = 1U << 0,
      |         ^~~~~~~~~~~~~~~~~~~~~~~~~~
~/Work/AROS-dev/aros-openloco/work/OpenLoco/src/OpenLoco/src/World/CompanyAi/CompanyAi.cpp:6508:43: error: 'none' was not declared in this scope
 6508 |         TrackRoadRemoveQueryFlags flags = none;
      |                                           ^~~~
~/Work/AROS-dev/aros-openloco/work/OpenLoco/src/OpenLoco/src/World/CompanyAi/CompanyAi.cpp:6508:43: note: suggested alternatives:
~/Work/AROS-dev/aros-openloco/work/OpenLoco/src/OpenLoco/src/World/CompanyAi/CompanyAi.cpp:6473:9: note:   'OpenLoco::TrackRoadRemoveQueryFlags::none'
 6473 |         none = 0,
      |         ^~~~
~/Work/AROS-dev/aros-openloco/work/OpenLoco/src/OpenLoco/src/World/CompanyAi/CompanyAi.cpp:100:9: note:   'OpenLoco::ThoughtTypeFlags::none'
  100 |         none = 0U,
      |         ^~~~
In file included from ~/Work/AROS-dev/aros-openloco/work/OpenLoco/src/OpenLoco/include/OpenLoco/Vehicles/Vehicle.h:5,
                 from ~/Work/AROS-dev/aros-openloco/work/OpenLoco/src/OpenLoco/src/World/CompanyAi/CompanyAi.cpp:63:
~/Work/AROS-dev/aros-openloco/work/OpenLoco/src/OpenLoco/include/OpenLoco/Objects/VehicleObject.h:219:9: note:   'OpenLoco::DrivingSoundType::none'
  219 |         none,
      |         ^~~~
~/Work/AROS-dev/aros-openloco/work/OpenLoco/src/OpenLoco/include/OpenLoco/Objects/VehicleObject.h:191:9: note:   'OpenLoco::VehicleObjectFlags::none'
  191 |         none = 0U,
      |         ^~~~
~/Work/AROS-dev/aros-openloco/work/OpenLoco/src/OpenLoco/include/OpenLoco/Objects/VehicleObject.h:150:9: note:   'OpenLoco::BodySpriteFlags::none'
  150 |         none = 0U,
      |         ^~~~
In file included from ~/Work/AROS-dev/aros-openloco/work/OpenLoco/src/OpenLoco/include/OpenLoco/Vehicles/Vehicle.h:5,
                 from ~/Work/AROS-dev/aros-openloco/work/OpenLoco/src/OpenLoco/src/World/CompanyAi/CompanyAi.cpp:63:
~/Work/AROS-dev/aros-openloco/work/OpenLoco/src/OpenLoco/include/OpenLoco/Objects/VehicleObject.h:120:9: note:   'OpenLoco::BogieSpriteFlags::none'
  120 |         none = 0U,
      |         ^~~~
~/Work/AROS-dev/aros-openloco/work/OpenLoco/src/OpenLoco/include/OpenLoco/Objects/VehicleObject.h:30:9: note:   'OpenLoco::EmitterAnimationType::none'
   30 |         none = 0,
      |         ^~~~
In file included from ~/Work/AROS-dev/aros-openloco/work/OpenLoco/src/OpenLoco/src/World/CompanyAi/CompanyAi.cpp:60:
~/Work/AROS-dev/aros-openloco/work/OpenLoco/src/OpenLoco/include/OpenLoco/Objects/TreeObject.h:22:9: note:   'OpenLoco::TreeObjectFlags::none'
   22 |         none = 0U,
      |         ^~~~
In file included from ~/Work/AROS-dev/aros-openloco/work/OpenLoco/src/OpenLoco/src/World/CompanyAi/CompanyAi.cpp:59:
~/Work/AROS-dev/aros-openloco/work/OpenLoco/src/OpenLoco/include/OpenLoco/Objects/TrainStationObject.h:26:9: note:   'OpenLoco::TrainStationFlags::none'
   26 |         none = 0U,
      |         ^~~~
In file included from ~/Work/AROS-dev/aros-openloco/work/OpenLoco/src/OpenLoco/src/World/CompanyAi/CompanyAi.cpp:58:
~/Work/AROS-dev/aros-openloco/work/OpenLoco/src/OpenLoco/include/OpenLoco/Objects/TrainSignalObject.h:22:9: note:   'OpenLoco::TrainSignalObjectFlags::none'
   22 |         none = 0U,
      |         ^~~~
In file included from ~/Work/AROS-dev/aros-openloco/work/OpenLoco/src/OpenLoco/src/World/CompanyAi/CompanyAi.cpp:57:
~/Work/AROS-dev/aros-openloco/work/OpenLoco/src/OpenLoco/include/OpenLoco/Objects/TrackObject.h:23:9: note:   'OpenLoco::TrackObjectFlags::none'
   23 |         none = 0U,
      |         ^~~~
In file included from ~/Work/AROS-dev/aros-openloco/work/OpenLoco/src/OpenLoco/src/World/CompanyAi/CompanyAi.cpp:55:
~/Work/AROS-dev/aros-openloco/work/OpenLoco/src/OpenLoco/include/OpenLoco/Objects/RoadStationObject.h:25:9: note:   'OpenLoco::RoadStationFlags::none'
   25 |         none = 0U,
      |         ^~~~
In file included from ~/Work/AROS-dev/aros-openloco/work/OpenLoco/src/OpenLoco/src/World/CompanyAi/CompanyAi.cpp:54:
~/Work/AROS-dev/aros-openloco/work/OpenLoco/src/OpenLoco/include/OpenLoco/Objects/RoadObject.h:26:9: note:   'OpenLoco::RoadObjectFlags::none'
   26 |         none = 0U,
      |         ^~~~
In file included from ~/Work/AROS-dev/aros-openloco/work/OpenLoco/src/OpenLoco/src/World/CompanyAi/CompanyAi.cpp:50:
~/Work/AROS-dev/aros-openloco/work/OpenLoco/src/OpenLoco/include/OpenLoco/Objects/DockObject.h:23:9: note:   'OpenLoco::DockObjectFlags::none'
   23 |         none = 0,
      |         ^~~~
In file included from ~/Work/AROS-dev/aros-openloco/work/OpenLoco/src/OpenLoco/src/World/CompanyAi/CompanyAi.cpp:48:
~/Work/AROS-dev/aros-openloco/work/OpenLoco/src/OpenLoco/include/OpenLoco/Objects/CargoObject.h:17:9: note:   'OpenLoco::CargoObjectFlags::none'
   17 |         none = 0U,
      |         ^~~~
In file included from ~/Work/AROS-dev/aros-openloco/work/OpenLoco/src/OpenLoco/src/World/CompanyAi/CompanyAi.cpp:47:
~/Work/AROS-dev/aros-openloco/work/OpenLoco/src/OpenLoco/include/OpenLoco/Objects/BuildingObject.h:42:9: note:   'OpenLoco::TownAmenityCategory::none'
   42 |         none = 0xFFU,  // Most buildings will have this category
      |         ^~~~
~/Work/AROS-dev/aros-openloco/work/OpenLoco/src/OpenLoco/include/OpenLoco/Objects/BuildingObject.h:23:9: note:   'OpenLoco::BuildingObjectFlags::none'
   23 |         none = 0U,
      |         ^~~~
In file included from ~/Work/AROS-dev/aros-openloco/work/OpenLoco/src/OpenLoco/src/World/CompanyAi/CompanyAi.cpp:46:
~/Work/AROS-dev/aros-openloco/work/OpenLoco/src/OpenLoco/include/OpenLoco/Objects/BridgeObject.h:24:9: note:   'OpenLoco::BridgeObjectFlags::none'
   24 |         none = 0U,
      |         ^~~~
In file included from ~/Work/AROS-dev/aros-openloco/work/OpenLoco/src/OpenLoco/src/World/CompanyAi/CompanyAi.cpp:45:
~/Work/AROS-dev/aros-openloco/work/OpenLoco/src/OpenLoco/include/OpenLoco/Objects/AirportObject.h:39:9: note:   'OpenLoco::AirportObjectFlags::none'
   39 |         none = 0,
      |         ^~~~
~/Work/AROS-dev/aros-openloco/work/OpenLoco/src/OpenLoco/include/OpenLoco/Objects/AirportObject.h:24:9: note:   'OpenLoco::AirportMovementNodeFlags::none'
   24 |         none = 0U,
      |         ^~~~
In file included from ~/Work/AROS-dev/aros-openloco/work/OpenLoco/src/OpenLoco/include/OpenLoco/GameState.h:16,
                 from ~/Work/AROS-dev/aros-openloco/work/OpenLoco/src/OpenLoco/src/World/CompanyAi/CompanyAi.cpp:32:
~/Work/AROS-dev/aros-openloco/work/OpenLoco/src/OpenLoco/include/OpenLoco/World/Town.h:26:9: note:   'OpenLoco::TownGrowFlags::none'
   26 |         none = 0U,
      |         ^~~~
~/Work/AROS-dev/aros-openloco/work/OpenLoco/src/OpenLoco/include/OpenLoco/World/Town.h:18:9: note:   'OpenLoco::TownFlags::none'
   18 |         none = 0U,
      |         ^~~~
In file included from ~/Work/AROS-dev/aros-openloco/work/OpenLoco/src/OpenLoco/include/OpenLoco/GameState.h:15,
                 from ~/Work/AROS-dev/aros-openloco/work/OpenLoco/src/OpenLoco/src/World/CompanyAi/CompanyAi.cpp:32:
~/Work/AROS-dev/aros-openloco/work/OpenLoco/src/OpenLoco/include/OpenLoco/World/Station.h:80:9: note:   'OpenLoco::StationFlags::none'
   80 |         none = 0U,
      |         ^~~~
~/Work/AROS-dev/aros-openloco/work/OpenLoco/src/OpenLoco/include/OpenLoco/World/Station.h:28:9: note:   'OpenLoco::StationCargoStatsFlags::none'
   28 |         none = 0U,
      |         ^~~~
In file included from ~/Work/AROS-dev/aros-openloco/work/OpenLoco/src/OpenLoco/include/OpenLoco/World/IndustryManager.h:7,
                 from ~/Work/AROS-dev/aros-openloco/work/OpenLoco/src/OpenLoco/include/OpenLoco/GameState.h:14,
                 from ~/Work/AROS-dev/aros-openloco/work/OpenLoco/src/OpenLoco/src/World/CompanyAi/CompanyAi.cpp:32:
~/Work/AROS-dev/aros-openloco/work/OpenLoco/src/OpenLoco/include/OpenLoco/Objects/IndustryObject.h:22:9: note:   'OpenLoco::IndustryObjectFlags::none'
   22 |         none = 0U,
      |         ^~~~
In file included from ~/Work/AROS-dev/aros-openloco/work/OpenLoco/src/OpenLoco/include/OpenLoco/GameState.h:13,
                 from ~/Work/AROS-dev/aros-openloco/work/OpenLoco/src/OpenLoco/src/World/CompanyAi/CompanyAi.cpp:32:
~/Work/AROS-dev/aros-openloco/work/OpenLoco/src/OpenLoco/include/OpenLoco/World/Industry.h:27:9: note:   'OpenLoco::IndustryFlags::none'
   27 |         none = 0U,
      |         ^~~~
In file included from ~/Work/AROS-dev/aros-openloco/work/OpenLoco/src/OpenLoco/include/OpenLoco/Ui/Window.h:14,
                 from ~/Work/AROS-dev/aros-openloco/work/OpenLoco/src/OpenLoco/include/OpenLoco/Ui/LastMapWindowAttributes.h:3,
                 from ~/Work/AROS-dev/aros-openloco/work/OpenLoco/src/OpenLoco/include/OpenLoco/GameState.h:10,
                 from ~/Work/AROS-dev/aros-openloco/work/OpenLoco/src/OpenLoco/src/World/CompanyAi/CompanyAi.cpp:32:
~/Work/AROS-dev/aros-openloco/work/OpenLoco/src/OpenLoco/include/OpenLoco/World/Company.h:38:9: note:   'OpenLoco::AiPlaystyleFlags::none'
   38 |         none = 0U,
      |         ^~~~
~/Work/AROS-dev/aros-openloco/work/OpenLoco/src/OpenLoco/include/OpenLoco/World/Company.h:21:9: note:   'OpenLoco::CompanyFlags::none'
   21 |         none = 0U,
      |         ^~~~
In file included from ~/Work/AROS-dev/aros-openloco/work/OpenLoco/src/OpenLoco/include/OpenLoco/GameState.h:7,
                 from ~/Work/AROS-dev/aros-openloco/work/OpenLoco/src/OpenLoco/src/World/CompanyAi/CompanyAi.cpp:32:
~/Work/AROS-dev/aros-openloco/work/OpenLoco/src/OpenLoco/include/OpenLoco/Message.h:74:9: note:   'OpenLoco::MessageTypeFlags::none'
   74 |         none = 0U,
      |         ^~~~
In file included from ~/Work/AROS-dev/aros-openloco/work/OpenLoco/src/OpenLoco/src/World/CompanyAi/CompanyAi.cpp:1:
~/Work/AROS-dev/aros-openloco/work/OpenLoco/src/OpenLoco/include/OpenLoco/World/CompanyAi/CompanyAi.h:97:9: note:   'OpenLoco::AiPurchaseFlags::none'
   97 |         none = 0,
      |         ^~~~
~/Work/AROS-dev/aros-openloco/work/OpenLoco/src/OpenLoco/include/OpenLoco/World/CompanyAi/CompanyAi.h:88:9: note:   'OpenLoco::AiThoughtStationFlags::none'
   88 |         none = 0U,
      |         ^~~~
In file included from /Volumes/arosmain/toolchain-mainline/lib/gcc/x86_64-aros/10.5.0/include/c++/filesystem:44,
                 from ~/Work/AROS-dev/aros-openloco/deps/mainline-v1/src/fmt/include/fmt/std.h:32,
                 from ~/Work/AROS-dev/aros-openloco/work/OpenLoco/src/Diagnostics/include/OpenLoco/Diagnostics/Logging.h:6,
                 from ~/Work/AROS-dev/aros-openloco/work/OpenLoco/src/OpenLoco/include/OpenLoco/Logging.h:3,
                 from ~/Work/AROS-dev/aros-openloco/work/OpenLoco/src/OpenLoco/src/World/CompanyAi/CompanyAi.cpp:33:
/Volumes/arosmain/toolchain-mainline/lib/gcc/x86_64-aros/10.5.0/include/c++/bits/fs_fwd.h:252:7: note:   'std::filesystem::directory_options::none'
  252 |       none = 0, follow_directory_symlink = 1, skip_permission_denied = 2
      |       ^~~~
/Volumes/arosmain/toolchain-mainline/lib/gcc/x86_64-aros/10.5.0/include/c++/bits/fs_fwd.h:135:7: note:   'std::filesystem::perms::none'
  135 |       none  =  0,
      |       ^~~~
/Volumes/arosmain/toolchain-mainline/lib/gcc/x86_64-aros/10.5.0/include/c++/bits/fs_fwd.h:82:7: note:   'std::filesystem::copy_options::none'
   82 |       none = 0,
      |       ^~~~
/Volumes/arosmain/toolchain-mainline/lib/gcc/x86_64-aros/10.5.0/include/c++/bits/fs_fwd.h:76:7: note:   'std::filesystem::file_type::none'
   76 |       none = 0, not_found = -1, regular = 1, directory = 2, symlink = 3,
      |       ^~~~
In file included from ~/Work/AROS-dev/aros-openloco/work/OpenLoco/src/OpenLoco/include/OpenLoco/Map/TileState.h:12,
                 from ~/Work/AROS-dev/aros-openloco/work/OpenLoco/src/OpenLoco/include/OpenLoco/GameState.h:5,
                 from ~/Work/AROS-dev/aros-openloco/work/OpenLoco/src/OpenLoco/src/World/CompanyAi/CompanyAi.cpp:32:
~/Work/AROS-dev/aros-openloco/work/OpenLoco/src/OpenLoco/include/OpenLoco/Map/WallElement.h:11:9: note:   'OpenLoco::World::EdgeSlope::none'
   11 |         none = 0U,
      |         ^~~~
In file included from ~/Work/AROS-dev/aros-openloco/work/OpenLoco/src/OpenLoco/src/World/CompanyAi/CompanyAi.cpp:66:
~/Work/AROS-dev/aros-openloco/work/OpenLoco/src/OpenLoco/include/OpenLoco/Vehicles/VehicleHead.h:28:9: note:   'OpenLoco::Vehicles::WaterMotionFlags::none'
   28 |         none = 0U,
      |         ^~~~
In file included from ~/Work/AROS-dev/aros-openloco/work/OpenLoco/src/OpenLoco/src/World/CompanyAi/CompanyAi.cpp:64:
~/Work/AROS-dev/aros-openloco/work/OpenLoco/src/OpenLoco/include/OpenLoco/Vehicles/Vehicle2.h:18:9: note:   'OpenLoco::Vehicles::Flags73::none'
   18 |         none = 0U,
      |         ^~~~
In file included from ~/Work/AROS-dev/aros-openloco/work/OpenLoco/src/OpenLoco/src/World/CompanyAi/CompanyAi.cpp:63:
~/Work/AROS-dev/aros-openloco/work/OpenLoco/src/OpenLoco/include/OpenLoco/Vehicles/Vehicle.h:240:9: note:   'OpenLoco::Vehicles::RoadOccupationFlags::none'
  240 |         none = 0U,
      |         ^~~~
In file included from ~/Work/AROS-dev/aros-openloco/work/OpenLoco/src/OpenLoco/src/World/CompanyAi/CompanyAi.cpp:63:
~/Work/AROS-dev/aros-openloco/work/OpenLoco/src/OpenLoco/include/OpenLoco/Vehicles/Vehicle.h:169:9: note:   'OpenLoco::Vehicles::SignalStateFlags::none'
  169 |         none = 0U,
      |         ^~~~
~/Work/AROS-dev/aros-openloco/work/OpenLoco/src/OpenLoco/include/OpenLoco/Vehicles/Vehicle.h:83:9: note:   'OpenLoco::Vehicles::VehicleFlags::none'
   83 |         none = 0U,
      |         ^~~~
~/Work/AROS-dev/aros-openloco/work/OpenLoco/src/OpenLoco/include/OpenLoco/Vehicles/Vehicle.h:69:9: note:   'OpenLoco::Vehicles::BreakdownFlags::none'
   69 |         none = 0U,
      |         ^~~~
~/Work/AROS-dev/aros-openloco/work/OpenLoco/src/OpenLoco/include/OpenLoco/Vehicles/Vehicle.h:46:9: note:   'OpenLoco::Vehicles::UpdateVar1136114Flags::none'
   46 |         none = 0U,
      |         ^~~~
~/Work/AROS-dev/aros-openloco/work/OpenLoco/src/OpenLoco/include/OpenLoco/Vehicles/Vehicle.h:38:9: note:   'OpenLoco::Vehicles::SoundFlags::none'
   38 |         none = 0U,
      |         ^~~~
~/Work/AROS-dev/aros-openloco/work/OpenLoco/src/OpenLoco/include/OpenLoco/Vehicles/Vehicle.h:26:9: note:   'OpenLoco::Vehicles::Flags38::none'
   26 |         none = 0U,
      |         ^~~~
In file included from ~/Work/AROS-dev/aros-openloco/work/OpenLoco/src/OpenLoco/src/World/CompanyAi/CompanyAi.cpp:62:
~/Work/AROS-dev/aros-openloco/work/OpenLoco/src/OpenLoco/include/OpenLoco/Vehicles/Orders.h:22:9: note:   'OpenLoco::Vehicles::OrderFlags::none'
   22 |         none = 0U,
      |         ^~~~
In file included from ~/Work/AROS-dev/aros-openloco/work/OpenLoco/src/OpenLoco/include/OpenLoco/GameCommands/Airports/CreateAirport.h:3,
                 from ~/Work/AROS-dev/aros-openloco/work/OpenLoco/src/OpenLoco/src/World/CompanyAi/CompanyAi.cpp:4:
~/Work/AROS-dev/aros-openloco/work/OpenLoco/src/OpenLoco/include/OpenLoco/GameCommands/GameCommands.h:40:9: note:   'OpenLoco::GameCommands::Flags::none'
   40 |         none = 0U,
      |         ^~~~
In file included from ~/Work/AROS-dev/aros-openloco/work/OpenLoco/src/OpenLoco/include/OpenLoco/GameState.h:9,
                 from ~/Work/AROS-dev/aros-openloco/work/OpenLoco/src/OpenLoco/src/World/CompanyAi/CompanyAi.cpp:32:
~/Work/AROS-dev/aros-openloco/work/OpenLoco/src/OpenLoco/include/OpenLoco/Scenario/ScenarioObjective.h:9:9: note:   'OpenLoco::Scenario::ObjectiveFlags::none'
    9 |         none = 0U,
      |         ^~~~
In file included from ~/Work/AROS-dev/aros-openloco/work/OpenLoco/src/OpenLoco/include/OpenLoco/Ui/Window.h:5,
                 from ~/Work/AROS-dev/aros-openloco/work/OpenLoco/src/OpenLoco/include/OpenLoco/Ui/LastMapWindowAttributes.h:3,
                 from ~/Work/AROS-dev/aros-openloco/work/OpenLoco/src/OpenLoco/include/OpenLoco/GameState.h:10,
                 from ~/Work/AROS-dev/aros-openloco/work/OpenLoco/src/OpenLoco/src/World/CompanyAi/CompanyAi.cpp:32:
~/Work/AROS-dev/aros-openloco/work/OpenLoco/src/OpenLoco/include/OpenLoco/Graphics/Gfx.h:51:9: note:   'OpenLoco::Gfx::G1ElementFlags::none'
   51 |         none = 0U,
      |         ^~~~
In file included from ~/Work/AROS-dev/aros-openloco/work/OpenLoco/src/OpenLoco/include/OpenLoco/Ui/LastMapWindowAttributes.h:3,
                 from ~/Work/AROS-dev/aros-openloco/work/OpenLoco/src/OpenLoco/include/OpenLoco/GameState.h:10,
                 from ~/Work/AROS-dev/aros-openloco/work/OpenLoco/src/OpenLoco/src/World/CompanyAi/CompanyAi.cpp:32:
~/Work/AROS-dev/aros-openloco/work/OpenLoco/src/OpenLoco/include/OpenLoco/Ui/Window.h:42:9: note:   'OpenLoco::Ui::WindowFlags::none'
   42 |         none = 0U,
      |         ^~~~
In file included from ~/Work/AROS-dev/aros-openloco/work/OpenLoco/src/OpenLoco/include/OpenLoco/Ui/Window.h:13,
                 from ~/Work/AROS-dev/aros-openloco/work/OpenLoco/src/OpenLoco/include/OpenLoco/Ui/LastMapWindowAttributes.h:3,
                 from ~/Work/AROS-dev/aros-openloco/work/OpenLoco/src/OpenLoco/include/OpenLoco/GameState.h:10,
                 from ~/Work/AROS-dev/aros-openloco/work/OpenLoco/src/OpenLoco/src/World/CompanyAi/CompanyAi.cpp:32:
~/Work/AROS-dev/aros-openloco/work/OpenLoco/src/OpenLoco/include/OpenLoco/Viewport.hpp:51:9: note:   'OpenLoco::Ui::ViewportFlags::none'
   51 |         none = 0U,
      |         ^~~~
In file included from ~/Work/AROS-dev/aros-openloco/work/OpenLoco/src/OpenLoco/include/OpenLoco/Ui/Window.h:10,
                 from ~/Work/AROS-dev/aros-openloco/work/OpenLoco/src/OpenLoco/include/OpenLoco/Ui/LastMapWindowAttributes.h:3,
                 from ~/Work/AROS-dev/aros-openloco/work/OpenLoco/src/OpenLoco/include/OpenLoco/GameState.h:10,
                 from ~/Work/AROS-dev/aros-openloco/work/OpenLoco/src/OpenLoco/src/World/CompanyAi/CompanyAi.cpp:32:
~/Work/AROS-dev/aros-openloco/work/OpenLoco/src/OpenLoco/include/OpenLoco/Ui/ScrollFlags.hpp:34:9: note:   'OpenLoco::Ui::ScrollFlags::none'
   34 |         none = 0U,
      |         ^~~~
~/Work/AROS-dev/aros-openloco/work/OpenLoco/src/OpenLoco/include/OpenLoco/Ui/ScrollFlags.hpp:10:9: note:   'OpenLoco::Ui::ScrollPart::none'
   10 |         none = -1,
      |         ^~~~
In file included from ~/Work/AROS-dev/aros-openloco/work/OpenLoco/src/OpenLoco/include/OpenLoco/GameState.h:14,
                 from ~/Work/AROS-dev/aros-openloco/work/OpenLoco/src/OpenLoco/src/World/CompanyAi/CompanyAi.cpp:32:
~/Work/AROS-dev/aros-openloco/work/OpenLoco/src/OpenLoco/include/OpenLoco/World/IndustryManager.h:15:9: note:   'OpenLoco::IndustryManager::Flags::none'
   15 |         none = 0U,
      |         ^~~~
In file included from ~/Work/AROS-dev/aros-openloco/work/OpenLoco/src/OpenLoco/src/World/CompanyAi/CompanyAi.cpp:39:
~/Work/AROS-dev/aros-openloco/work/OpenLoco/src/OpenLoco/include/OpenLoco/Map/TileManager.h:38:9: note:   'OpenLoco::World::TileManager::ElementPositionFlags::none'
   38 |         none = 0U,
      |         ^~~~
In file included from ~/Work/AROS-dev/aros-openloco/work/OpenLoco/src/OpenLoco/include/OpenLoco/Objects/BridgeObject.h:3,
                 from ~/Work/AROS-dev/aros-openloco/work/OpenLoco/src/OpenLoco/src/World/CompanyAi/CompanyAi.cpp:46:
~/Work/AROS-dev/aros-openloco/work/OpenLoco/src/OpenLoco/include/OpenLoco/Map/Track/TrackEnum.h:76:9: note:   'OpenLoco::World::Track::CommonTraitFlags::none'
   76 |         none = 0U,
      |         ^~~~
~/Work/AROS-dev/aros-openloco/work/OpenLoco/src/OpenLoco/include/OpenLoco/Map/Track/TrackEnum.h:112:9: note:   'OpenLoco::World::Track::RoadTraitFlags::none'
  112 |         none = 0U,
      |         ^~~~
~/Work/AROS-dev/aros-openloco/work/OpenLoco/src/OpenLoco/include/OpenLoco/Map/Track/TrackEnum.h:95:9: note:   'OpenLoco::World::Track::TrackTraitFlags::none'
   95 |         none = 0U,
      |         ^~~~
In file included from ~/Work/AROS-dev/aros-openloco/work/OpenLoco/src/OpenLoco/src/World/CompanyAi/CompanyAi.cpp:41:
~/Work/AROS-dev/aros-openloco/work/OpenLoco/src/OpenLoco/include/OpenLoco/Map/Track/TrackData.h:25:9: note:   'OpenLoco::World::TrackData::PreviewTrackFlags::none'
   25 |         none = 0U,
      |         ^~~~
In file included from ~/Work/AROS-dev/aros-openloco/work/OpenLoco/src/OpenLoco/include/OpenLoco/Ui/Window.h:10,
                 from ~/Work/AROS-dev/aros-openloco/work/OpenLoco/src/OpenLoco/include/OpenLoco/Ui/LastMapWindowAttributes.h:3,
                 from ~/Work/AROS-dev/aros-openloco/work/OpenLoco/src/OpenLoco/include/OpenLoco/GameState.h:10,
                 from ~/Work/AROS-dev/aros-openloco/work/OpenLoco/src/OpenLoco/src/World/CompanyAi/CompanyAi.cpp:32:
~/Work/AROS-dev/aros-openloco/work/OpenLoco/src/OpenLoco/include/OpenLoco/Ui/ScrollFlags.hpp:26:27: note:   'OpenLoco::Ui::Scrollbars::none'
   26 |         constexpr uint8_t none = 0;
      |                           ^~~~
~/Work/AROS-dev/aros-openloco/work/OpenLoco/src/OpenLoco/src/World/CompanyAi/CompanyAi.cpp: In lambda function:
~/Work/AROS-dev/aros-openloco/work/OpenLoco/src/OpenLoco/src/World/CompanyAi/CompanyAi.cpp:6538:34: error: 'isRoadJunction' was not declared in this scope; did you mean 'OpenLoco::TrackRoadRemoveQueryFlags::isRoadJunction'?
 6538 |                         flags |= isRoadJunction;
      |                                  ^~~~~~~~~~~~~~
      |                                  OpenLoco::TrackRoadRemoveQueryFlags::isRoadJunction
~/Work/AROS-dev/aros-openloco/work/OpenLoco/src/OpenLoco/src/World/CompanyAi/CompanyAi.cpp:6479:9: note: 'OpenLoco::TrackRoadRemoveQueryFlags::isRoadJunction' declared here
 6479 |         isRoadJunction = 1U << 3,
      |         ^~~~~~~~~~~~~~
~/Work/AROS-dev/aros-openloco/work/OpenLoco/src/OpenLoco/src/World/CompanyAi/CompanyAi.cpp:6543:34: error: 'isRoadJunction' was not declared in this scope; did you mean 'OpenLoco::TrackRoadRemoveQueryFlags::isRoadJunction'?
 6543 |                         flags |= isRoadJunction;
      |                                  ^~~~~~~~~~~~~~
      |                                  OpenLoco::TrackRoadRemoveQueryFlags::isRoadJunction
~/Work/AROS-dev/aros-openloco/work/OpenLoco/src/OpenLoco/src/World/CompanyAi/CompanyAi.cpp:6479:9: note: 'OpenLoco::TrackRoadRemoveQueryFlags::isRoadJunction' declared here
 6479 |         isRoadJunction = 1U << 3,
      |         ^~~~~~~~~~~~~~
~/Work/AROS-dev/aros-openloco/work/OpenLoco/src/OpenLoco/src/World/CompanyAi/CompanyAi.cpp:6548:34: error: 'isRoadJunction' was not declared in this scope; did you mean 'OpenLoco::TrackRoadRemoveQueryFlags::isRoadJunction'?
 6548 |                         flags |= isRoadJunction;
      |                                  ^~~~~~~~~~~~~~
      |                                  OpenLoco::TrackRoadRemoveQueryFlags::isRoadJunction
~/Work/AROS-dev/aros-openloco/work/OpenLoco/src/OpenLoco/src/World/CompanyAi/CompanyAi.cpp:6479:9: note: 'OpenLoco::TrackRoadRemoveQueryFlags::isRoadJunction' declared here
 6479 |         isRoadJunction = 1U << 3,
      |         ^~~~~~~~~~~~~~
~/Work/AROS-dev/aros-openloco/work/OpenLoco/src/OpenLoco/src/World/CompanyAi/CompanyAi.cpp:6553:34: error: 'isRoadJunction' was not declared in this scope; did you mean 'OpenLoco::TrackRoadRemoveQueryFlags::isRoadJunction'?
 6553 |                         flags |= isRoadJunction;
      |                                  ^~~~~~~~~~~~~~
      |                                  OpenLoco::TrackRoadRemoveQueryFlags::isRoadJunction
~/Work/AROS-dev/aros-openloco/work/OpenLoco/src/OpenLoco/src/World/CompanyAi/CompanyAi.cpp:6479:9: note: 'OpenLoco::TrackRoadRemoveQueryFlags::isRoadJunction' declared here
 6479 |         isRoadJunction = 1U << 3,
      |         ^~~~~~~~~~~~~~
~/Work/AROS-dev/aros-openloco/work/OpenLoco/src/OpenLoco/src/World/CompanyAi/CompanyAi.cpp: In function 'OpenLoco::TrackRoadRemoveQueryFlags OpenLoco::queryRoadForRemoval(OpenLoco::World::Pos3, uint16_t, uint8_t, OpenLoco::CompanyId)':
~/Work/AROS-dev/aros-openloco/work/OpenLoco/src/OpenLoco/src/World/CompanyAi/CompanyAi.cpp:6563:24: error: 'malformed' was not declared in this scope; did you mean 'OpenLoco::TrackRoadRemoveQueryFlags::malformed'?
 6563 |                 return malformed;
      |                        ^~~~~~~~~
      |                        OpenLoco::TrackRoadRemoveQueryFlags::malformed
~/Work/AROS-dev/aros-openloco/work/OpenLoco/src/OpenLoco/src/World/CompanyAi/CompanyAi.cpp:6477:9: note: 'OpenLoco::TrackRoadRemoveQueryFlags::malformed' declared here
 6477 |         malformed = 1U << 1,
      |         ^~~~~~~~~
~/Work/AROS-dev/aros-openloco/work/OpenLoco/src/OpenLoco/src/World/CompanyAi/CompanyAi.cpp:6567:26: error: 'hasStation' was not declared in this scope
 6567 |                 flags |= hasStation;
      |                          ^~~~~~~~~~
~/Work/AROS-dev/aros-openloco/work/OpenLoco/src/OpenLoco/src/World/CompanyAi/CompanyAi.cpp:6567:26: note: suggested alternatives:
~/Work/AROS-dev/aros-openloco/work/OpenLoco/src/OpenLoco/src/World/CompanyAi/CompanyAi.cpp:6478:9: note:   'OpenLoco::TrackRoadRemoveQueryFlags::hasStation'
 6478 |         hasStation = 1U << 2,
      |         ^~~~~~~~~~
In file included from ~/Work/AROS-dev/aros-openloco/work/OpenLoco/src/OpenLoco/src/World/CompanyAi/CompanyAi.cpp:63:
~/Work/AROS-dev/aros-openloco/work/OpenLoco/src/OpenLoco/include/OpenLoco/Vehicles/Vehicle.h:244:9: note:   'OpenLoco::Vehicles::RoadOccupationFlags::hasStation'
  244 |         hasStation = 1U << 3,
      |         ^~~~~~~~~~
~/Work/AROS-dev/aros-openloco/work/OpenLoco/src/OpenLoco/src/World/CompanyAi/CompanyAi.cpp: In function 'OpenLoco::TrackRoadRemoveQueryFlags OpenLoco::queryTrackForRemoval(OpenLoco::World::Pos3, uint16_t, uint8_t, OpenLoco::CompanyId)':
~/Work/AROS-dev/aros-openloco/work/OpenLoco/src/OpenLoco/src/World/CompanyAi/CompanyAi.cpp:6576:15: error: expected nested-name-specifier before 'enum'
 6576 |         using enum TrackRoadRemoveQueryFlags;
      |               ^~~~
~/Work/AROS-dev/aros-openloco/work/OpenLoco/src/OpenLoco/src/World/CompanyAi/CompanyAi.cpp:6593:43: error: 'none' was not declared in this scope
 6593 |         TrackRoadRemoveQueryFlags flags = none;
      |                                           ^~~~
~/Work/AROS-dev/aros-openloco/work/OpenLoco/src/OpenLoco/src/World/CompanyAi/CompanyAi.cpp:6593:43: note: suggested alternatives:
~/Work/AROS-dev/aros-openloco/work/OpenLoco/src/OpenLoco/src/World/CompanyAi/CompanyAi.cpp:6473:9: note:   'OpenLoco::TrackRoadRemoveQueryFlags::none'
 6473 |         none = 0,
      |         ^~~~
~/Work/AROS-dev/aros-openloco/work/OpenLoco/src/OpenLoco/src/World/CompanyAi/CompanyAi.cpp:100:9: note:   'OpenLoco::ThoughtTypeFlags::none'
  100 |         none = 0U,
      |         ^~~~
In file included from ~/Work/AROS-dev/aros-openloco/work/OpenLoco/src/OpenLoco/include/OpenLoco/Vehicles/Vehicle.h:5,
                 from ~/Work/AROS-dev/aros-openloco/work/OpenLoco/src/OpenLoco/src/World/CompanyAi/CompanyAi.cpp:63:
~/Work/AROS-dev/aros-openloco/work/OpenLoco/src/OpenLoco/include/OpenLoco/Objects/VehicleObject.h:219:9: note:   'OpenLoco::DrivingSoundType::none'
  219 |         none,
      |         ^~~~
~/Work/AROS-dev/aros-openloco/work/OpenLoco/src/OpenLoco/include/OpenLoco/Objects/VehicleObject.h:191:9: note:   'OpenLoco::VehicleObjectFlags::none'
  191 |         none = 0U,
      |         ^~~~
~/Work/AROS-dev/aros-openloco/work/OpenLoco/src/OpenLoco/include/OpenLoco/Objects/VehicleObject.h:150:9: note:   'OpenLoco::BodySpriteFlags::none'
  150 |         none = 0U,
      |         ^~~~
In file included from ~/Work/AROS-dev/aros-openloco/work/OpenLoco/src/OpenLoco/include/OpenLoco/Vehicles/Vehicle.h:5,
                 from ~/Work/AROS-dev/aros-openloco/work/OpenLoco/src/OpenLoco/src/World/CompanyAi/CompanyAi.cpp:63:
~/Work/AROS-dev/aros-openloco/work/OpenLoco/src/OpenLoco/include/OpenLoco/Objects/VehicleObject.h:120:9: note:   'OpenLoco::BogieSpriteFlags::none'
  120 |         none = 0U,
      |         ^~~~
~/Work/AROS-dev/aros-openloco/work/OpenLoco/src/OpenLoco/include/OpenLoco/Objects/VehicleObject.h:30:9: note:   'OpenLoco::EmitterAnimationType::none'
   30 |         none = 0,
      |         ^~~~
In file included from ~/Work/AROS-dev/aros-openloco/work/OpenLoco/src/OpenLoco/src/World/CompanyAi/CompanyAi.cpp:60:
~/Work/AROS-dev/aros-openloco/work/OpenLoco/src/OpenLoco/include/OpenLoco/Objects/TreeObject.h:22:9: note:   'OpenLoco::TreeObjectFlags::none'
   22 |         none = 0U,
      |         ^~~~
In file included from ~/Work/AROS-dev/aros-openloco/work/OpenLoco/src/OpenLoco/src/World/CompanyAi/CompanyAi.cpp:59:
~/Work/AROS-dev/aros-openloco/work/OpenLoco/src/OpenLoco/include/OpenLoco/Objects/TrainStationObject.h:26:9: note:   'OpenLoco::TrainStationFlags::none'
   26 |         none = 0U,
      |         ^~~~
In file included from ~/Work/AROS-dev/aros-openloco/work/OpenLoco/src/OpenLoco/src/World/CompanyAi/CompanyAi.cpp:58:
~/Work/AROS-dev/aros-openloco/work/OpenLoco/src/OpenLoco/include/OpenLoco/Objects/TrainSignalObject.h:22:9: note:   'OpenLoco::TrainSignalObjectFlags::none'
   22 |         none = 0U,
      |         ^~~~
In file included from ~/Work/AROS-dev/aros-openloco/work/OpenLoco/src/OpenLoco/src/World/CompanyAi/CompanyAi.cpp:57:
~/Work/AROS-dev/aros-openloco/work/OpenLoco/src/OpenLoco/include/OpenLoco/Objects/TrackObject.h:23:9: note:   'OpenLoco::TrackObjectFlags::none'
   23 |         none = 0U,
      |         ^~~~
In file included from ~/Work/AROS-dev/aros-openloco/work/OpenLoco/src/OpenLoco/src/World/CompanyAi/CompanyAi.cpp:55:
~/Work/AROS-dev/aros-openloco/work/OpenLoco/src/OpenLoco/include/OpenLoco/Objects/RoadStationObject.h:25:9: note:   'OpenLoco::RoadStationFlags::none'
   25 |         none = 0U,
      |         ^~~~
In file included from ~/Work/AROS-dev/aros-openloco/work/OpenLoco/src/OpenLoco/src/World/CompanyAi/CompanyAi.cpp:54:
~/Work/AROS-dev/aros-openloco/work/OpenLoco/src/OpenLoco/include/OpenLoco/Objects/RoadObject.h:26:9: note:   'OpenLoco::RoadObjectFlags::none'
   26 |         none = 0U,
      |         ^~~~
In file included from ~/Work/AROS-dev/aros-openloco/work/OpenLoco/src/OpenLoco/src/World/CompanyAi/CompanyAi.cpp:50:
~/Work/AROS-dev/aros-openloco/work/OpenLoco/src/OpenLoco/include/OpenLoco/Objects/DockObject.h:23:9: note:   'OpenLoco::DockObjectFlags::none'
   23 |         none = 0,
      |         ^~~~
In file included from ~/Work/AROS-dev/aros-openloco/work/OpenLoco/src/OpenLoco/src/World/CompanyAi/CompanyAi.cpp:48:
~/Work/AROS-dev/aros-openloco/work/OpenLoco/src/OpenLoco/include/OpenLoco/Objects/CargoObject.h:17:9: note:   'OpenLoco::CargoObjectFlags::none'
   17 |         none = 0U,
      |         ^~~~
In file included from ~/Work/AROS-dev/aros-openloco/work/OpenLoco/src/OpenLoco/src/World/CompanyAi/CompanyAi.cpp:47:
~/Work/AROS-dev/aros-openloco/work/OpenLoco/src/OpenLoco/include/OpenLoco/Objects/BuildingObject.h:42:9: note:   'OpenLoco::TownAmenityCategory::none'
   42 |         none = 0xFFU,  // Most buildings will have this category
      |         ^~~~
~/Work/AROS-dev/aros-openloco/work/OpenLoco/src/OpenLoco/include/OpenLoco/Objects/BuildingObject.h:23:9: note:   'OpenLoco::BuildingObjectFlags::none'
   23 |         none = 0U,
      |         ^~~~
In file included from ~/Work/AROS-dev/aros-openloco/work/OpenLoco/src/OpenLoco/src/World/CompanyAi/CompanyAi.cpp:46:
~/Work/AROS-dev/aros-openloco/work/OpenLoco/src/OpenLoco/include/OpenLoco/Objects/BridgeObject.h:24:9: note:   'OpenLoco::BridgeObjectFlags::none'
   24 |         none = 0U,
      |         ^~~~
In file included from ~/Work/AROS-dev/aros-openloco/work/OpenLoco/src/OpenLoco/src/World/CompanyAi/CompanyAi.cpp:45:
~/Work/AROS-dev/aros-openloco/work/OpenLoco/src/OpenLoco/include/OpenLoco/Objects/AirportObject.h:39:9: note:   'OpenLoco::AirportObjectFlags::none'
   39 |         none = 0,
      |         ^~~~
~/Work/AROS-dev/aros-openloco/work/OpenLoco/src/OpenLoco/include/OpenLoco/Objects/AirportObject.h:24:9: note:   'OpenLoco::AirportMovementNodeFlags::none'
   24 |         none = 0U,
      |         ^~~~
In file included from ~/Work/AROS-dev/aros-openloco/work/OpenLoco/src/OpenLoco/include/OpenLoco/GameState.h:16,
                 from ~/Work/AROS-dev/aros-openloco/work/OpenLoco/src/OpenLoco/src/World/CompanyAi/CompanyAi.cpp:32:
~/Work/AROS-dev/aros-openloco/work/OpenLoco/src/OpenLoco/include/OpenLoco/World/Town.h:26:9: note:   'OpenLoco::TownGrowFlags::none'
   26 |         none = 0U,
      |         ^~~~
~/Work/AROS-dev/aros-openloco/work/OpenLoco/src/OpenLoco/include/OpenLoco/World/Town.h:18:9: note:   'OpenLoco::TownFlags::none'
   18 |         none = 0U,
      |         ^~~~
In file included from ~/Work/AROS-dev/aros-openloco/work/OpenLoco/src/OpenLoco/include/OpenLoco/GameState.h:15,
                 from ~/Work/AROS-dev/aros-openloco/work/OpenLoco/src/OpenLoco/src/World/CompanyAi/CompanyAi.cpp:32:
~/Work/AROS-dev/aros-openloco/work/OpenLoco/src/OpenLoco/include/OpenLoco/World/Station.h:80:9: note:   'OpenLoco::StationFlags::none'
   80 |         none = 0U,
      |         ^~~~
~/Work/AROS-dev/aros-openloco/work/OpenLoco/src/OpenLoco/include/OpenLoco/World/Station.h:28:9: note:   'OpenLoco::StationCargoStatsFlags::none'
   28 |         none = 0U,
      |         ^~~~
In file included from ~/Work/AROS-dev/aros-openloco/work/OpenLoco/src/OpenLoco/include/OpenLoco/World/IndustryManager.h:7,
                 from ~/Work/AROS-dev/aros-openloco/work/OpenLoco/src/OpenLoco/include/OpenLoco/GameState.h:14,
                 from ~/Work/AROS-dev/aros-openloco/work/OpenLoco/src/OpenLoco/src/World/CompanyAi/CompanyAi.cpp:32:
~/Work/AROS-dev/aros-openloco/work/OpenLoco/src/OpenLoco/include/OpenLoco/Objects/IndustryObject.h:22:9: note:   'OpenLoco::IndustryObjectFlags::none'
   22 |         none = 0U,
      |         ^~~~
In file included from ~/Work/AROS-dev/aros-openloco/work/OpenLoco/src/OpenLoco/include/OpenLoco/GameState.h:13,
                 from ~/Work/AROS-dev/aros-openloco/work/OpenLoco/src/OpenLoco/src/World/CompanyAi/CompanyAi.cpp:32:
~/Work/AROS-dev/aros-openloco/work/OpenLoco/src/OpenLoco/include/OpenLoco/World/Industry.h:27:9: note:   'OpenLoco::IndustryFlags::none'
   27 |         none = 0U,
      |         ^~~~
In file included from ~/Work/AROS-dev/aros-openloco/work/OpenLoco/src/OpenLoco/include/OpenLoco/Ui/Window.h:14,
                 from ~/Work/AROS-dev/aros-openloco/work/OpenLoco/src/OpenLoco/include/OpenLoco/Ui/LastMapWindowAttributes.h:3,
                 from ~/Work/AROS-dev/aros-openloco/work/OpenLoco/src/OpenLoco/include/OpenLoco/GameState.h:10,
                 from ~/Work/AROS-dev/aros-openloco/work/OpenLoco/src/OpenLoco/src/World/CompanyAi/CompanyAi.cpp:32:
~/Work/AROS-dev/aros-openloco/work/OpenLoco/src/OpenLoco/include/OpenLoco/World/Company.h:38:9: note:   'OpenLoco::AiPlaystyleFlags::none'
   38 |         none = 0U,
      |         ^~~~
~/Work/AROS-dev/aros-openloco/work/OpenLoco/src/OpenLoco/include/OpenLoco/World/Company.h:21:9: note:   'OpenLoco::CompanyFlags::none'
   21 |         none = 0U,
      |         ^~~~
In file included from ~/Work/AROS-dev/aros-openloco/work/OpenLoco/src/OpenLoco/include/OpenLoco/GameState.h:7,
                 from ~/Work/AROS-dev/aros-openloco/work/OpenLoco/src/OpenLoco/src/World/CompanyAi/CompanyAi.cpp:32:
~/Work/AROS-dev/aros-openloco/work/OpenLoco/src/OpenLoco/include/OpenLoco/Message.h:74:9: note:   'OpenLoco::MessageTypeFlags::none'
   74 |         none = 0U,
      |         ^~~~
In file included from ~/Work/AROS-dev/aros-openloco/work/OpenLoco/src/OpenLoco/src/World/CompanyAi/CompanyAi.cpp:1:
~/Work/AROS-dev/aros-openloco/work/OpenLoco/src/OpenLoco/include/OpenLoco/World/CompanyAi/CompanyAi.h:97:9: note:   'OpenLoco::AiPurchaseFlags::none'
   97 |         none = 0,
      |         ^~~~
~/Work/AROS-dev/aros-openloco/work/OpenLoco/src/OpenLoco/include/OpenLoco/World/CompanyAi/CompanyAi.h:88:9: note:   'OpenLoco::AiThoughtStationFlags::none'
   88 |         none = 0U,
      |         ^~~~
In file included from /Volumes/arosmain/toolchain-mainline/lib/gcc/x86_64-aros/10.5.0/include/c++/filesystem:44,
                 from ~/Work/AROS-dev/aros-openloco/deps/mainline-v1/src/fmt/include/fmt/std.h:32,
                 from ~/Work/AROS-dev/aros-openloco/work/OpenLoco/src/Diagnostics/include/OpenLoco/Diagnostics/Logging.h:6,
                 from ~/Work/AROS-dev/aros-openloco/work/OpenLoco/src/OpenLoco/include/OpenLoco/Logging.h:3,
                 from ~/Work/AROS-dev/aros-openloco/work/OpenLoco/src/OpenLoco/src/World/CompanyAi/CompanyAi.cpp:33:
/Volumes/arosmain/toolchain-mainline/lib/gcc/x86_64-aros/10.5.0/include/c++/bits/fs_fwd.h:252:7: note:   'std::filesystem::directory_options::none'
  252 |       none = 0, follow_directory_symlink = 1, skip_permission_denied = 2
      |       ^~~~
/Volumes/arosmain/toolchain-mainline/lib/gcc/x86_64-aros/10.5.0/include/c++/bits/fs_fwd.h:135:7: note:   'std::filesystem::perms::none'
  135 |       none  =  0,
      |       ^~~~
/Volumes/arosmain/toolchain-mainline/lib/gcc/x86_64-aros/10.5.0/include/c++/bits/fs_fwd.h:82:7: note:   'std::filesystem::copy_options::none'
   82 |       none = 0,
      |       ^~~~
/Volumes/arosmain/toolchain-mainline/lib/gcc/x86_64-aros/10.5.0/include/c++/bits/fs_fwd.h:76:7: note:   'std::filesystem::file_type::none'
   76 |       none = 0, not_found = -1, regular = 1, directory = 2, symlink = 3,
      |       ^~~~
In file included from ~/Work/AROS-dev/aros-openloco/work/OpenLoco/src/OpenLoco/include/OpenLoco/Map/TileState.h:12,
                 from ~/Work/AROS-dev/aros-openloco/work/OpenLoco/src/OpenLoco/include/OpenLoco/GameState.h:5,
                 from ~/Work/AROS-dev/aros-openloco/work/OpenLoco/src/OpenLoco/src/World/CompanyAi/CompanyAi.cpp:32:
~/Work/AROS-dev/aros-openloco/work/OpenLoco/src/OpenLoco/include/OpenLoco/Map/WallElement.h:11:9: note:   'OpenLoco::World::EdgeSlope::none'
   11 |         none = 0U,
      |         ^~~~
In file included from ~/Work/AROS-dev/aros-openloco/work/OpenLoco/src/OpenLoco/src/World/CompanyAi/CompanyAi.cpp:66:
~/Work/AROS-dev/aros-openloco/work/OpenLoco/src/OpenLoco/include/OpenLoco/Vehicles/VehicleHead.h:28:9: note:   'OpenLoco::Vehicles::WaterMotionFlags::none'
   28 |         none = 0U,
      |         ^~~~
In file included from ~/Work/AROS-dev/aros-openloco/work/OpenLoco/src/OpenLoco/src/World/CompanyAi/CompanyAi.cpp:64:
~/Work/AROS-dev/aros-openloco/work/OpenLoco/src/OpenLoco/include/OpenLoco/Vehicles/Vehicle2.h:18:9: note:   'OpenLoco::Vehicles::Flags73::none'
   18 |         none = 0U,
      |         ^~~~
In file included from ~/Work/AROS-dev/aros-openloco/work/OpenLoco/src/OpenLoco/src/World/CompanyAi/CompanyAi.cpp:63:
~/Work/AROS-dev/aros-openloco/work/OpenLoco/src/OpenLoco/include/OpenLoco/Vehicles/Vehicle.h:240:9: note:   'OpenLoco::Vehicles::RoadOccupationFlags::none'
  240 |         none = 0U,
      |         ^~~~
In file included from ~/Work/AROS-dev/aros-openloco/work/OpenLoco/src/OpenLoco/src/World/CompanyAi/CompanyAi.cpp:63:
~/Work/AROS-dev/aros-openloco/work/OpenLoco/src/OpenLoco/include/OpenLoco/Vehicles/Vehicle.h:169:9: note:   'OpenLoco::Vehicles::SignalStateFlags::none'
  169 |         none = 0U,
      |         ^~~~
~/Work/AROS-dev/aros-openloco/work/OpenLoco/src/OpenLoco/include/OpenLoco/Vehicles/Vehicle.h:83:9: note:   'OpenLoco::Vehicles::VehicleFlags::none'
   83 |         none = 0U,
      |         ^~~~
~/Work/AROS-dev/aros-openloco/work/OpenLoco/src/OpenLoco/include/OpenLoco/Vehicles/Vehicle.h:69:9: note:   'OpenLoco::Vehicles::BreakdownFlags::none'
   69 |         none = 0U,
      |         ^~~~
~/Work/AROS-dev/aros-openloco/work/OpenLoco/src/OpenLoco/include/OpenLoco/Vehicles/Vehicle.h:46:9: note:   'OpenLoco::Vehicles::UpdateVar1136114Flags::none'
   46 |         none = 0U,
      |         ^~~~
~/Work/AROS-dev/aros-openloco/work/OpenLoco/src/OpenLoco/include/OpenLoco/Vehicles/Vehicle.h:38:9: note:   'OpenLoco::Vehicles::SoundFlags::none'
   38 |         none = 0U,
      |         ^~~~
~/Work/AROS-dev/aros-openloco/work/OpenLoco/src/OpenLoco/include/OpenLoco/Vehicles/Vehicle.h:26:9: note:   'OpenLoco::Vehicles::Flags38::none'
   26 |         none = 0U,
      |         ^~~~
In file included from ~/Work/AROS-dev/aros-openloco/work/OpenLoco/src/OpenLoco/src/World/CompanyAi/CompanyAi.cpp:62:
~/Work/AROS-dev/aros-openloco/work/OpenLoco/src/OpenLoco/include/OpenLoco/Vehicles/Orders.h:22:9: note:   'OpenLoco::Vehicles::OrderFlags::none'
   22 |         none = 0U,
      |         ^~~~
In file included from ~/Work/AROS-dev/aros-openloco/work/OpenLoco/src/OpenLoco/include/OpenLoco/GameCommands/Airports/CreateAirport.h:3,
                 from ~/Work/AROS-dev/aros-openloco/work/OpenLoco/src/OpenLoco/src/World/CompanyAi/CompanyAi.cpp:4:
~/Work/AROS-dev/aros-openloco/work/OpenLoco/src/OpenLoco/include/OpenLoco/GameCommands/GameCommands.h:40:9: note:   'OpenLoco::GameCommands::Flags::none'
   40 |         none = 0U,
      |         ^~~~
In file included from ~/Work/AROS-dev/aros-openloco/work/OpenLoco/src/OpenLoco/include/OpenLoco/GameState.h:9,
                 from ~/Work/AROS-dev/aros-openloco/work/OpenLoco/src/OpenLoco/src/World/CompanyAi/CompanyAi.cpp:32:
~/Work/AROS-dev/aros-openloco/work/OpenLoco/src/OpenLoco/include/OpenLoco/Scenario/ScenarioObjective.h:9:9: note:   'OpenLoco::Scenario::ObjectiveFlags::none'
    9 |         none = 0U,
      |         ^~~~
In file included from ~/Work/AROS-dev/aros-openloco/work/OpenLoco/src/OpenLoco/include/OpenLoco/Ui/Window.h:5,
                 from ~/Work/AROS-dev/aros-openloco/work/OpenLoco/src/OpenLoco/include/OpenLoco/Ui/LastMapWindowAttributes.h:3,
                 from ~/Work/AROS-dev/aros-openloco/work/OpenLoco/src/OpenLoco/include/OpenLoco/GameState.h:10,
                 from ~/Work/AROS-dev/aros-openloco/work/OpenLoco/src/OpenLoco/src/World/CompanyAi/CompanyAi.cpp:32:
~/Work/AROS-dev/aros-openloco/work/OpenLoco/src/OpenLoco/include/OpenLoco/Graphics/Gfx.h:51:9: note:   'OpenLoco::Gfx::G1ElementFlags::none'
   51 |         none = 0U,
      |         ^~~~
In file included from ~/Work/AROS-dev/aros-openloco/work/OpenLoco/src/OpenLoco/include/OpenLoco/Ui/LastMapWindowAttributes.h:3,
                 from ~/Work/AROS-dev/aros-openloco/work/OpenLoco/src/OpenLoco/include/OpenLoco/GameState.h:10,
                 from ~/Work/AROS-dev/aros-openloco/work/OpenLoco/src/OpenLoco/src/World/CompanyAi/CompanyAi.cpp:32:
~/Work/AROS-dev/aros-openloco/work/OpenLoco/src/OpenLoco/include/OpenLoco/Ui/Window.h:42:9: note:   'OpenLoco::Ui::WindowFlags::none'
   42 |         none = 0U,
      |         ^~~~
In file included from ~/Work/AROS-dev/aros-openloco/work/OpenLoco/src/OpenLoco/include/OpenLoco/Ui/Window.h:13,
                 from ~/Work/AROS-dev/aros-openloco/work/OpenLoco/src/OpenLoco/include/OpenLoco/Ui/LastMapWindowAttributes.h:3,
                 from ~/Work/AROS-dev/aros-openloco/work/OpenLoco/src/OpenLoco/include/OpenLoco/GameState.h:10,
                 from ~/Work/AROS-dev/aros-openloco/work/OpenLoco/src/OpenLoco/src/World/CompanyAi/CompanyAi.cpp:32:
~/Work/AROS-dev/aros-openloco/work/OpenLoco/src/OpenLoco/include/OpenLoco/Viewport.hpp:51:9: note:   'OpenLoco::Ui::ViewportFlags::none'
   51 |         none = 0U,
      |         ^~~~
In file included from ~/Work/AROS-dev/aros-openloco/work/OpenLoco/src/OpenLoco/include/OpenLoco/Ui/Window.h:10,
                 from ~/Work/AROS-dev/aros-openloco/work/OpenLoco/src/OpenLoco/include/OpenLoco/Ui/LastMapWindowAttributes.h:3,
                 from ~/Work/AROS-dev/aros-openloco/work/OpenLoco/src/OpenLoco/include/OpenLoco/GameState.h:10,
                 from ~/Work/AROS-dev/aros-openloco/work/OpenLoco/src/OpenLoco/src/World/CompanyAi/CompanyAi.cpp:32:
~/Work/AROS-dev/aros-openloco/work/OpenLoco/src/OpenLoco/include/OpenLoco/Ui/ScrollFlags.hpp:34:9: note:   'OpenLoco::Ui::ScrollFlags::none'
   34 |         none = 0U,
      |         ^~~~
~/Work/AROS-dev/aros-openloco/work/OpenLoco/src/OpenLoco/include/OpenLoco/Ui/ScrollFlags.hpp:10:9: note:   'OpenLoco::Ui::ScrollPart::none'
   10 |         none = -1,
      |         ^~~~
In file included from ~/Work/AROS-dev/aros-openloco/work/OpenLoco/src/OpenLoco/include/OpenLoco/GameState.h:14,
                 from ~/Work/AROS-dev/aros-openloco/work/OpenLoco/src/OpenLoco/src/World/CompanyAi/CompanyAi.cpp:32:
~/Work/AROS-dev/aros-openloco/work/OpenLoco/src/OpenLoco/include/OpenLoco/World/IndustryManager.h:15:9: note:   'OpenLoco::IndustryManager::Flags::none'
   15 |         none = 0U,
      |         ^~~~
In file included from ~/Work/AROS-dev/aros-openloco/work/OpenLoco/src/OpenLoco/src/World/CompanyAi/CompanyAi.cpp:39:
~/Work/AROS-dev/aros-openloco/work/OpenLoco/src/OpenLoco/include/OpenLoco/Map/TileManager.h:38:9: note:   'OpenLoco::World::TileManager::ElementPositionFlags::none'
   38 |         none = 0U,
      |         ^~~~
In file included from ~/Work/AROS-dev/aros-openloco/work/OpenLoco/src/OpenLoco/include/OpenLoco/Objects/BridgeObject.h:3,
                 from ~/Work/AROS-dev/aros-openloco/work/OpenLoco/src/OpenLoco/src/World/CompanyAi/CompanyAi.cpp:46:
~/Work/AROS-dev/aros-openloco/work/OpenLoco/src/OpenLoco/include/OpenLoco/Map/Track/TrackEnum.h:76:9: note:   'OpenLoco::World::Track::CommonTraitFlags::none'
   76 |         none = 0U,
      |         ^~~~
~/Work/AROS-dev/aros-openloco/work/OpenLoco/src/OpenLoco/include/OpenLoco/Map/Track/TrackEnum.h:112:9: note:   'OpenLoco::World::Track::RoadTraitFlags::none'
  112 |         none = 0U,
      |         ^~~~
~/Work/AROS-dev/aros-openloco/work/OpenLoco/src/OpenLoco/include/OpenLoco/Map/Track/TrackEnum.h:95:9: note:   'OpenLoco::World::Track::TrackTraitFlags::none'
   95 |         none = 0U,
      |         ^~~~
In file included from ~/Work/AROS-dev/aros-openloco/work/OpenLoco/src/OpenLoco/src/World/CompanyAi/CompanyAi.cpp:41:
~/Work/AROS-dev/aros-openloco/work/OpenLoco/src/OpenLoco/include/OpenLoco/Map/Track/TrackData.h:25:9: note:   'OpenLoco::World::TrackData::PreviewTrackFlags::none'
   25 |         none = 0U,
      |         ^~~~
In file included from ~/Work/AROS-dev/aros-openloco/work/OpenLoco/src/OpenLoco/include/OpenLoco/Ui/Window.h:10,
                 from ~/Work/AROS-dev/aros-openloco/work/OpenLoco/src/OpenLoco/include/OpenLoco/Ui/LastMapWindowAttributes.h:3,
                 from ~/Work/AROS-dev/aros-openloco/work/OpenLoco/src/OpenLoco/include/OpenLoco/GameState.h:10,
                 from ~/Work/AROS-dev/aros-openloco/work/OpenLoco/src/OpenLoco/src/World/CompanyAi/CompanyAi.cpp:32:
~/Work/AROS-dev/aros-openloco/work/OpenLoco/src/OpenLoco/include/OpenLoco/Ui/ScrollFlags.hpp:26:27: note:   'OpenLoco::Ui::Scrollbars::none'
   26 |         constexpr uint8_t none = 0;
      |                           ^~~~
~/Work/AROS-dev/aros-openloco/work/OpenLoco/src/OpenLoco/src/World/CompanyAi/CompanyAi.cpp:6644:24: error: 'malformed' was not declared in this scope; did you mean 'OpenLoco::TrackRoadRemoveQueryFlags::malformed'?
 6644 |                 return malformed;
      |                        ^~~~~~~~~
      |                        OpenLoco::TrackRoadRemoveQueryFlags::malformed
~/Work/AROS-dev/aros-openloco/work/OpenLoco/src/OpenLoco/src/World/CompanyAi/CompanyAi.cpp:6477:9: note: 'OpenLoco::TrackRoadRemoveQueryFlags::malformed' declared here
 6477 |         malformed = 1U << 1,
      |         ^~~~~~~~~
~/Work/AROS-dev/aros-openloco/work/OpenLoco/src/OpenLoco/src/World/CompanyAi/CompanyAi.cpp:6648:26: error: 'hasStation' was not declared in this scope
 6648 |                 flags |= hasStation;
      |                          ^~~~~~~~~~
~/Work/AROS-dev/aros-openloco/work/OpenLoco/src/OpenLoco/src/World/CompanyAi/CompanyAi.cpp:6648:26: note: suggested alternatives:
~/Work/AROS-dev/aros-openloco/work/OpenLoco/src/OpenLoco/src/World/CompanyAi/CompanyAi.cpp:6478:9: note:   'OpenLoco::TrackRoadRemoveQueryFlags::hasStation'
 6478 |         hasStation = 1U << 2,
      |         ^~~~~~~~~~
In file included from ~/Work/AROS-dev/aros-openloco/work/OpenLoco/src/OpenLoco/src/World/CompanyAi/CompanyAi.cpp:63:
~/Work/AROS-dev/aros-openloco/work/OpenLoco/src/OpenLoco/include/OpenLoco/Vehicles/Vehicle.h:244:9: note:   'OpenLoco::Vehicles::RoadOccupationFlags::hasStation'
  244 |         hasStation = 1U << 3,
      |         ^~~~~~~~~~
~/Work/AROS-dev/aros-openloco/work/OpenLoco/src/OpenLoco/src/World/CompanyAi/CompanyAi.cpp: In function 'void OpenLoco::removeRoadStationAndRoad(OpenLoco::World::Pos3, uint8_t, uint8_t, OpenLoco::CompanyId)':
~/Work/AROS-dev/aros-openloco/work/OpenLoco/src/OpenLoco/src/World/CompanyAi/CompanyAi.cpp:6678:19: error: expected nested-name-specifier before 'enum'
 6678 |             using enum TrackRoadRemoveQueryFlags;
      |                   ^~~~
~/Work/AROS-dev/aros-openloco/work/OpenLoco/src/OpenLoco/src/World/CompanyAi/CompanyAi.cpp:6679:89: error: 'malformed' was not declared in this scope; did you mean 'OpenLoco::TrackRoadRemoveQueryFlags::malformed'?
 6679 |             if ((queryRoadForRemoval(pos, (0 << 3) | rotation, roadObjId, companyId) & (malformed | roadTypeShouldNotBeRemoved)) == none)
      |                                                                                         ^~~~~~~~~
      |                                                                                         OpenLoco::TrackRoadRemoveQueryFlags::malformed
~/Work/AROS-dev/aros-openloco/work/OpenLoco/src/OpenLoco/src/World/CompanyAi/CompanyAi.cpp:6477:9: note: 'OpenLoco::TrackRoadRemoveQueryFlags::malformed' declared here
 6477 |         malformed = 1U << 1,
      |         ^~~~~~~~~
~/Work/AROS-dev/aros-openloco/work/OpenLoco/src/OpenLoco/src/World/CompanyAi/CompanyAi.cpp:6679:101: error: 'roadTypeShouldNotBeRemoved' was not declared in this scope; did you mean 'OpenLoco::TrackRoadRemoveQueryFlags::roadTypeShouldNotBeRemoved'?
 6679 |             if ((queryRoadForRemoval(pos, (0 << 3) | rotation, roadObjId, companyId) & (malformed | roadTypeShouldNotBeRemoved)) == none)
      |                                                                                                     ^~~~~~~~~~~~~~~~~~~~~~~~~~
      |                                                                                                     OpenLoco::TrackRoadRemoveQueryFlags::roadTypeShouldNotBeRemoved
~/Work/AROS-dev/aros-openloco/work/OpenLoco/src/OpenLoco/src/World/CompanyAi/CompanyAi.cpp:6474:9: note: 'OpenLoco::TrackRoadRemoveQueryFlags::roadTypeShouldNotBeRemoved' declared here
 6474 |         roadTypeShouldNotBeRemoved = 1U << 0,
      |         ^~~~~~~~~~~~~~~~~~~~~~~~~~
~/Work/AROS-dev/aros-openloco/work/OpenLoco/src/OpenLoco/src/World/CompanyAi/CompanyAi.cpp:6679:133: error: 'none' was not declared in this scope
 6679 |             if ((queryRoadForRemoval(pos, (0 << 3) | rotation, roadObjId, companyId) & (malformed | roadTypeShouldNotBeRemoved)) == none)
      |                                                                                                                                     ^~~~
~/Work/AROS-dev/aros-openloco/work/OpenLoco/src/OpenLoco/src/World/CompanyAi/CompanyAi.cpp:6679:133: note: suggested alternatives:
~/Work/AROS-dev/aros-openloco/work/OpenLoco/src/OpenLoco/src/World/CompanyAi/CompanyAi.cpp:6473:9: note:   'OpenLoco::TrackRoadRemoveQueryFlags::none'
 6473 |         none = 0,
      |         ^~~~
~/Work/AROS-dev/aros-openloco/work/OpenLoco/src/OpenLoco/src/World/CompanyAi/CompanyAi.cpp:100:9: note:   'OpenLoco::ThoughtTypeFlags::none'
  100 |         none = 0U,
      |         ^~~~
In file included from ~/Work/AROS-dev/aros-openloco/work/OpenLoco/src/OpenLoco/include/OpenLoco/Vehicles/Vehicle.h:5,
                 from ~/Work/AROS-dev/aros-openloco/work/OpenLoco/src/OpenLoco/src/World/CompanyAi/CompanyAi.cpp:63:
~/Work/AROS-dev/aros-openloco/work/OpenLoco/src/OpenLoco/include/OpenLoco/Objects/VehicleObject.h:219:9: note:   'OpenLoco::DrivingSoundType::none'
  219 |         none,
      |         ^~~~
~/Work/AROS-dev/aros-openloco/work/OpenLoco/src/OpenLoco/include/OpenLoco/Objects/VehicleObject.h:191:9: note:   'OpenLoco::VehicleObjectFlags::none'
  191 |         none = 0U,
      |         ^~~~
~/Work/AROS-dev/aros-openloco/work/OpenLoco/src/OpenLoco/include/OpenLoco/Objects/VehicleObject.h:150:9: note:   'OpenLoco::BodySpriteFlags::none'
  150 |         none = 0U,
      |         ^~~~
In file included from ~/Work/AROS-dev/aros-openloco/work/OpenLoco/src/OpenLoco/include/OpenLoco/Vehicles/Vehicle.h:5,
                 from ~/Work/AROS-dev/aros-openloco/work/OpenLoco/src/OpenLoco/src/World/CompanyAi/CompanyAi.cpp:63:
~/Work/AROS-dev/aros-openloco/work/OpenLoco/src/OpenLoco/include/OpenLoco/Objects/VehicleObject.h:120:9: note:   'OpenLoco::BogieSpriteFlags::none'
  120 |         none = 0U,
      |         ^~~~
~/Work/AROS-dev/aros-openloco/work/OpenLoco/src/OpenLoco/include/OpenLoco/Objects/VehicleObject.h:30:9: note:   'OpenLoco::EmitterAnimationType::none'
   30 |         none = 0,
      |         ^~~~
In file included from ~/Work/AROS-dev/aros-openloco/work/OpenLoco/src/OpenLoco/src/World/CompanyAi/CompanyAi.cpp:60:
~/Work/AROS-dev/aros-openloco/work/OpenLoco/src/OpenLoco/include/OpenLoco/Objects/TreeObject.h:22:9: note:   'OpenLoco::TreeObjectFlags::none'
   22 |         none = 0U,
      |         ^~~~
In file included from ~/Work/AROS-dev/aros-openloco/work/OpenLoco/src/OpenLoco/src/World/CompanyAi/CompanyAi.cpp:59:
~/Work/AROS-dev/aros-openloco/work/OpenLoco/src/OpenLoco/include/OpenLoco/Objects/TrainStationObject.h:26:9: note:   'OpenLoco::TrainStationFlags::none'
   26 |         none = 0U,
      |         ^~~~
In file included from ~/Work/AROS-dev/aros-openloco/work/OpenLoco/src/OpenLoco/src/World/CompanyAi/CompanyAi.cpp:58:
~/Work/AROS-dev/aros-openloco/work/OpenLoco/src/OpenLoco/include/OpenLoco/Objects/TrainSignalObject.h:22:9: note:   'OpenLoco::TrainSignalObjectFlags::none'
   22 |         none = 0U,
      |         ^~~~
In file included from ~/Work/AROS-dev/aros-openloco/work/OpenLoco/src/OpenLoco/src/World/CompanyAi/CompanyAi.cpp:57:
~/Work/AROS-dev/aros-openloco/work/OpenLoco/src/OpenLoco/include/OpenLoco/Objects/TrackObject.h:23:9: note:   'OpenLoco::TrackObjectFlags::none'
   23 |         none = 0U,
      |         ^~~~
In file included from ~/Work/AROS-dev/aros-openloco/work/OpenLoco/src/OpenLoco/src/World/CompanyAi/CompanyAi.cpp:55:
~/Work/AROS-dev/aros-openloco/work/OpenLoco/src/OpenLoco/include/OpenLoco/Objects/RoadStationObject.h:25:9: note:   'OpenLoco::RoadStationFlags::none'
   25 |         none = 0U,
      |         ^~~~
In file included from ~/Work/AROS-dev/aros-openloco/work/OpenLoco/src/OpenLoco/src/World/CompanyAi/CompanyAi.cpp:54:
~/Work/AROS-dev/aros-openloco/work/OpenLoco/src/OpenLoco/include/OpenLoco/Objects/RoadObject.h:26:9: note:   'OpenLoco::RoadObjectFlags::none'
   26 |         none = 0U,
      |         ^~~~
In file included from ~/Work/AROS-dev/aros-openloco/work/OpenLoco/src/OpenLoco/src/World/CompanyAi/CompanyAi.cpp:50:
~/Work/AROS-dev/aros-openloco/work/OpenLoco/src/OpenLoco/include/OpenLoco/Objects/DockObject.h:23:9: note:   'OpenLoco::DockObjectFlags::none'
   23 |         none = 0,
      |         ^~~~
In file included from ~/Work/AROS-dev/aros-openloco/work/OpenLoco/src/OpenLoco/src/World/CompanyAi/CompanyAi.cpp:48:
~/Work/AROS-dev/aros-openloco/work/OpenLoco/src/OpenLoco/include/OpenLoco/Objects/CargoObject.h:17:9: note:   'OpenLoco::CargoObjectFlags::none'
   17 |         none = 0U,
      |         ^~~~
In file included from ~/Work/AROS-dev/aros-openloco/work/OpenLoco/src/OpenLoco/src/World/CompanyAi/CompanyAi.cpp:47:
~/Work/AROS-dev/aros-openloco/work/OpenLoco/src/OpenLoco/include/OpenLoco/Objects/BuildingObject.h:42:9: note:   'OpenLoco::TownAmenityCategory::none'
   42 |         none = 0xFFU,  // Most buildings will have this category
      |         ^~~~
~/Work/AROS-dev/aros-openloco/work/OpenLoco/src/OpenLoco/include/OpenLoco/Objects/BuildingObject.h:23:9: note:   'OpenLoco::BuildingObjectFlags::none'
   23 |         none = 0U,
      |         ^~~~
In file included from ~/Work/AROS-dev/aros-openloco/work/OpenLoco/src/OpenLoco/src/World/CompanyAi/CompanyAi.cpp:46:
~/Work/AROS-dev/aros-openloco/work/OpenLoco/src/OpenLoco/include/OpenLoco/Objects/BridgeObject.h:24:9: note:   'OpenLoco::BridgeObjectFlags::none'
   24 |         none = 0U,
      |         ^~~~
In file included from ~/Work/AROS-dev/aros-openloco/work/OpenLoco/src/OpenLoco/src/World/CompanyAi/CompanyAi.cpp:45:
~/Work/AROS-dev/aros-openloco/work/OpenLoco/src/OpenLoco/include/OpenLoco/Objects/AirportObject.h:39:9: note:   'OpenLoco::AirportObjectFlags::none'
   39 |         none = 0,
      |         ^~~~
~/Work/AROS-dev/aros-openloco/work/OpenLoco/src/OpenLoco/include/OpenLoco/Objects/AirportObject.h:24:9: note:   'OpenLoco::AirportMovementNodeFlags::none'
   24 |         none = 0U,
      |         ^~~~
In file included from ~/Work/AROS-dev/aros-openloco/work/OpenLoco/src/OpenLoco/include/OpenLoco/GameState.h:16,
                 from ~/Work/AROS-dev/aros-openloco/work/OpenLoco/src/OpenLoco/src/World/CompanyAi/CompanyAi.cpp:32:
~/Work/AROS-dev/aros-openloco/work/OpenLoco/src/OpenLoco/include/OpenLoco/World/Town.h:26:9: note:   'OpenLoco::TownGrowFlags::none'
   26 |         none = 0U,
      |         ^~~~
~/Work/AROS-dev/aros-openloco/work/OpenLoco/src/OpenLoco/include/OpenLoco/World/Town.h:18:9: note:   'OpenLoco::TownFlags::none'
   18 |         none = 0U,
      |         ^~~~
In file included from ~/Work/AROS-dev/aros-openloco/work/OpenLoco/src/OpenLoco/include/OpenLoco/GameState.h:15,
                 from ~/Work/AROS-dev/aros-openloco/work/OpenLoco/src/OpenLoco/src/World/CompanyAi/CompanyAi.cpp:32:
~/Work/AROS-dev/aros-openloco/work/OpenLoco/src/OpenLoco/include/OpenLoco/World/Station.h:80:9: note:   'OpenLoco::StationFlags::none'
   80 |         none = 0U,
      |         ^~~~
~/Work/AROS-dev/aros-openloco/work/OpenLoco/src/OpenLoco/include/OpenLoco/World/Station.h:28:9: note:   'OpenLoco::StationCargoStatsFlags::none'
   28 |         none = 0U,
      |         ^~~~
In file included from ~/Work/AROS-dev/aros-openloco/work/OpenLoco/src/OpenLoco/include/OpenLoco/World/IndustryManager.h:7,
                 from ~/Work/AROS-dev/aros-openloco/work/OpenLoco/src/OpenLoco/include/OpenLoco/GameState.h:14,
                 from ~/Work/AROS-dev/aros-openloco/work/OpenLoco/src/OpenLoco/src/World/CompanyAi/CompanyAi.cpp:32:
~/Work/AROS-dev/aros-openloco/work/OpenLoco/src/OpenLoco/include/OpenLoco/Objects/IndustryObject.h:22:9: note:   'OpenLoco::IndustryObjectFlags::none'
   22 |         none = 0U,
      |         ^~~~
In file included from ~/Work/AROS-dev/aros-openloco/work/OpenLoco/src/OpenLoco/include/OpenLoco/GameState.h:13,
                 from ~/Work/AROS-dev/aros-openloco/work/OpenLoco/src/OpenLoco/src/World/CompanyAi/CompanyAi.cpp:32:
~/Work/AROS-dev/aros-openloco/work/OpenLoco/src/OpenLoco/include/OpenLoco/World/Industry.h:27:9: note:   'OpenLoco::IndustryFlags::none'
   27 |         none = 0U,
      |         ^~~~
In file included from ~/Work/AROS-dev/aros-openloco/work/OpenLoco/src/OpenLoco/include/OpenLoco/Ui/Window.h:14,
                 from ~/Work/AROS-dev/aros-openloco/work/OpenLoco/src/OpenLoco/include/OpenLoco/Ui/LastMapWindowAttributes.h:3,
                 from ~/Work/AROS-dev/aros-openloco/work/OpenLoco/src/OpenLoco/include/OpenLoco/GameState.h:10,
                 from ~/Work/AROS-dev/aros-openloco/work/OpenLoco/src/OpenLoco/src/World/CompanyAi/CompanyAi.cpp:32:
~/Work/AROS-dev/aros-openloco/work/OpenLoco/src/OpenLoco/include/OpenLoco/World/Company.h:38:9: note:   'OpenLoco::AiPlaystyleFlags::none'
   38 |         none = 0U,
      |         ^~~~
~/Work/AROS-dev/aros-openloco/work/OpenLoco/src/OpenLoco/include/OpenLoco/World/Company.h:21:9: note:   'OpenLoco::CompanyFlags::none'
   21 |         none = 0U,
      |         ^~~~
In file included from ~/Work/AROS-dev/aros-openloco/work/OpenLoco/src/OpenLoco/include/OpenLoco/GameState.h:7,
                 from ~/Work/AROS-dev/aros-openloco/work/OpenLoco/src/OpenLoco/src/World/CompanyAi/CompanyAi.cpp:32:
~/Work/AROS-dev/aros-openloco/work/OpenLoco/src/OpenLoco/include/OpenLoco/Message.h:74:9: note:   'OpenLoco::MessageTypeFlags::none'
   74 |         none = 0U,
      |         ^~~~
In file included from ~/Work/AROS-dev/aros-openloco/work/OpenLoco/src/OpenLoco/src/World/CompanyAi/CompanyAi.cpp:1:
~/Work/AROS-dev/aros-openloco/work/OpenLoco/src/OpenLoco/include/OpenLoco/World/CompanyAi/CompanyAi.h:97:9: note:   'OpenLoco::AiPurchaseFlags::none'
   97 |         none = 0,
      |         ^~~~
~/Work/AROS-dev/aros-openloco/work/OpenLoco/src/OpenLoco/include/OpenLoco/World/CompanyAi/CompanyAi.h:88:9: note:   'OpenLoco::AiThoughtStationFlags::none'
   88 |         none = 0U,
      |         ^~~~
In file included from /Volumes/arosmain/toolchain-mainline/lib/gcc/x86_64-aros/10.5.0/include/c++/filesystem:44,
                 from ~/Work/AROS-dev/aros-openloco/deps/mainline-v1/src/fmt/include/fmt/std.h:32,
                 from ~/Work/AROS-dev/aros-openloco/work/OpenLoco/src/Diagnostics/include/OpenLoco/Diagnostics/Logging.h:6,
                 from ~/Work/AROS-dev/aros-openloco/work/OpenLoco/src/OpenLoco/include/OpenLoco/Logging.h:3,
                 from ~/Work/AROS-dev/aros-openloco/work/OpenLoco/src/OpenLoco/src/World/CompanyAi/CompanyAi.cpp:33:
/Volumes/arosmain/toolchain-mainline/lib/gcc/x86_64-aros/10.5.0/include/c++/bits/fs_fwd.h:252:7: note:   'std::filesystem::directory_options::none'
  252 |       none = 0, follow_directory_symlink = 1, skip_permission_denied = 2
      |       ^~~~
/Volumes/arosmain/toolchain-mainline/lib/gcc/x86_64-aros/10.5.0/include/c++/bits/fs_fwd.h:135:7: note:   'std::filesystem::perms::none'
  135 |       none  =  0,
      |       ^~~~
/Volumes/arosmain/toolchain-mainline/lib/gcc/x86_64-aros/10.5.0/include/c++/bits/fs_fwd.h:82:7: note:   'std::filesystem::copy_options::none'
   82 |       none = 0,
      |       ^~~~
/Volumes/arosmain/toolchain-mainline/lib/gcc/x86_64-aros/10.5.0/include/c++/bits/fs_fwd.h:76:7: note:   'std::filesystem::file_type::none'
   76 |       none = 0, not_found = -1, regular = 1, directory = 2, symlink = 3,
      |       ^~~~
In file included from ~/Work/AROS-dev/aros-openloco/work/OpenLoco/src/OpenLoco/include/OpenLoco/Map/TileState.h:12,
                 from ~/Work/AROS-dev/aros-openloco/work/OpenLoco/src/OpenLoco/include/OpenLoco/GameState.h:5,
                 from ~/Work/AROS-dev/aros-openloco/work/OpenLoco/src/OpenLoco/src/World/CompanyAi/CompanyAi.cpp:32:
~/Work/AROS-dev/aros-openloco/work/OpenLoco/src/OpenLoco/include/OpenLoco/Map/WallElement.h:11:9: note:   'OpenLoco::World::EdgeSlope::none'
   11 |         none = 0U,
      |         ^~~~
In file included from ~/Work/AROS-dev/aros-openloco/work/OpenLoco/src/OpenLoco/src/World/CompanyAi/CompanyAi.cpp:66:
~/Work/AROS-dev/aros-openloco/work/OpenLoco/src/OpenLoco/include/OpenLoco/Vehicles/VehicleHead.h:28:9: note:   'OpenLoco::Vehicles::WaterMotionFlags::none'
   28 |         none = 0U,
      |         ^~~~
In file included from ~/Work/AROS-dev/aros-openloco/work/OpenLoco/src/OpenLoco/src/World/CompanyAi/CompanyAi.cpp:64:
~/Work/AROS-dev/aros-openloco/work/OpenLoco/src/OpenLoco/include/OpenLoco/Vehicles/Vehicle2.h:18:9: note:   'OpenLoco::Vehicles::Flags73::none'
   18 |         none = 0U,
      |         ^~~~
In file included from ~/Work/AROS-dev/aros-openloco/work/OpenLoco/src/OpenLoco/src/World/CompanyAi/CompanyAi.cpp:63:
~/Work/AROS-dev/aros-openloco/work/OpenLoco/src/OpenLoco/include/OpenLoco/Vehicles/Vehicle.h:240:9: note:   'OpenLoco::Vehicles::RoadOccupationFlags::none'
  240 |         none = 0U,
      |         ^~~~
In file included from ~/Work/AROS-dev/aros-openloco/work/OpenLoco/src/OpenLoco/src/World/CompanyAi/CompanyAi.cpp:63:
~/Work/AROS-dev/aros-openloco/work/OpenLoco/src/OpenLoco/include/OpenLoco/Vehicles/Vehicle.h:169:9: note:   'OpenLoco::Vehicles::SignalStateFlags::none'
  169 |         none = 0U,
      |         ^~~~
~/Work/AROS-dev/aros-openloco/work/OpenLoco/src/OpenLoco/include/OpenLoco/Vehicles/Vehicle.h:83:9: note:   'OpenLoco::Vehicles::VehicleFlags::none'
   83 |         none = 0U,
      |         ^~~~
~/Work/AROS-dev/aros-openloco/work/OpenLoco/src/OpenLoco/include/OpenLoco/Vehicles/Vehicle.h:69:9: note:   'OpenLoco::Vehicles::BreakdownFlags::none'
   69 |         none = 0U,
      |         ^~~~
~/Work/AROS-dev/aros-openloco/work/OpenLoco/src/OpenLoco/include/OpenLoco/Vehicles/Vehicle.h:46:9: note:   'OpenLoco::Vehicles::UpdateVar1136114Flags::none'
   46 |         none = 0U,
      |         ^~~~
~/Work/AROS-dev/aros-openloco/work/OpenLoco/src/OpenLoco/include/OpenLoco/Vehicles/Vehicle.h:38:9: note:   'OpenLoco::Vehicles::SoundFlags::none'
   38 |         none = 0U,
      |         ^~~~
~/Work/AROS-dev/aros-openloco/work/OpenLoco/src/OpenLoco/include/OpenLoco/Vehicles/Vehicle.h:26:9: note:   'OpenLoco::Vehicles::Flags38::none'
   26 |         none = 0U,
      |         ^~~~
In file included from ~/Work/AROS-dev/aros-openloco/work/OpenLoco/src/OpenLoco/src/World/CompanyAi/CompanyAi.cpp:62:
~/Work/AROS-dev/aros-openloco/work/OpenLoco/src/OpenLoco/include/OpenLoco/Vehicles/Orders.h:22:9: note:   'OpenLoco::Vehicles::OrderFlags::none'
   22 |         none = 0U,
      |         ^~~~
In file included from ~/Work/AROS-dev/aros-openloco/work/OpenLoco/src/OpenLoco/include/OpenLoco/GameCommands/Airports/CreateAirport.h:3,
                 from ~/Work/AROS-dev/aros-openloco/work/OpenLoco/src/OpenLoco/src/World/CompanyAi/CompanyAi.cpp:4:
~/Work/AROS-dev/aros-openloco/work/OpenLoco/src/OpenLoco/include/OpenLoco/GameCommands/GameCommands.h:40:9: note:   'OpenLoco::GameCommands::Flags::none'
   40 |         none = 0U,
      |         ^~~~
In file included from ~/Work/AROS-dev/aros-openloco/work/OpenLoco/src/OpenLoco/include/OpenLoco/GameState.h:9,
                 from ~/Work/AROS-dev/aros-openloco/work/OpenLoco/src/OpenLoco/src/World/CompanyAi/CompanyAi.cpp:32:
~/Work/AROS-dev/aros-openloco/work/OpenLoco/src/OpenLoco/include/OpenLoco/Scenario/ScenarioObjective.h:9:9: note:   'OpenLoco::Scenario::ObjectiveFlags::none'
    9 |         none = 0U,
      |         ^~~~
In file included from ~/Work/AROS-dev/aros-openloco/work/OpenLoco/src/OpenLoco/include/OpenLoco/Ui/Window.h:5,
                 from ~/Work/AROS-dev/aros-openloco/work/OpenLoco/src/OpenLoco/include/OpenLoco/Ui/LastMapWindowAttributes.h:3,
                 from ~/Work/AROS-dev/aros-openloco/work/OpenLoco/src/OpenLoco/include/OpenLoco/GameState.h:10,
                 from ~/Work/AROS-dev/aros-openloco/work/OpenLoco/src/OpenLoco/src/World/CompanyAi/CompanyAi.cpp:32:
~/Work/AROS-dev/aros-openloco/work/OpenLoco/src/OpenLoco/include/OpenLoco/Graphics/Gfx.h:51:9: note:   'OpenLoco::Gfx::G1ElementFlags::none'
   51 |         none = 0U,
      |         ^~~~
In file included from ~/Work/AROS-dev/aros-openloco/work/OpenLoco/src/OpenLoco/include/OpenLoco/Ui/LastMapWindowAttributes.h:3,
                 from ~/Work/AROS-dev/aros-openloco/work/OpenLoco/src/OpenLoco/include/OpenLoco/GameState.h:10,
                 from ~/Work/AROS-dev/aros-openloco/work/OpenLoco/src/OpenLoco/src/World/CompanyAi/CompanyAi.cpp:32:
~/Work/AROS-dev/aros-openloco/work/OpenLoco/src/OpenLoco/include/OpenLoco/Ui/Window.h:42:9: note:   'OpenLoco::Ui::WindowFlags::none'
   42 |         none = 0U,
      |         ^~~~
In file included from ~/Work/AROS-dev/aros-openloco/work/OpenLoco/src/OpenLoco/include/OpenLoco/Ui/Window.h:13,
                 from ~/Work/AROS-dev/aros-openloco/work/OpenLoco/src/OpenLoco/include/OpenLoco/Ui/LastMapWindowAttributes.h:3,
                 from ~/Work/AROS-dev/aros-openloco/work/OpenLoco/src/OpenLoco/include/OpenLoco/GameState.h:10,
                 from ~/Work/AROS-dev/aros-openloco/work/OpenLoco/src/OpenLoco/src/World/CompanyAi/CompanyAi.cpp:32:
~/Work/AROS-dev/aros-openloco/work/OpenLoco/src/OpenLoco/include/OpenLoco/Viewport.hpp:51:9: note:   'OpenLoco::Ui::ViewportFlags::none'
   51 |         none = 0U,
      |         ^~~~
In file included from ~/Work/AROS-dev/aros-openloco/work/OpenLoco/src/OpenLoco/include/OpenLoco/Ui/Window.h:10,
                 from ~/Work/AROS-dev/aros-openloco/work/OpenLoco/src/OpenLoco/include/OpenLoco/Ui/LastMapWindowAttributes.h:3,
                 from ~/Work/AROS-dev/aros-openloco/work/OpenLoco/src/OpenLoco/include/OpenLoco/GameState.h:10,
                 from ~/Work/AROS-dev/aros-openloco/work/OpenLoco/src/OpenLoco/src/World/CompanyAi/CompanyAi.cpp:32:
~/Work/AROS-dev/aros-openloco/work/OpenLoco/src/OpenLoco/include/OpenLoco/Ui/ScrollFlags.hpp:34:9: note:   'OpenLoco::Ui::ScrollFlags::none'
   34 |         none = 0U,
      |         ^~~~
~/Work/AROS-dev/aros-openloco/work/OpenLoco/src/OpenLoco/include/OpenLoco/Ui/ScrollFlags.hpp:10:9: note:   'OpenLoco::Ui::ScrollPart::none'
   10 |         none = -1,
      |         ^~~~
In file included from ~/Work/AROS-dev/aros-openloco/work/OpenLoco/src/OpenLoco/include/OpenLoco/GameState.h:14,
                 from ~/Work/AROS-dev/aros-openloco/work/OpenLoco/src/OpenLoco/src/World/CompanyAi/CompanyAi.cpp:32:
~/Work/AROS-dev/aros-openloco/work/OpenLoco/src/OpenLoco/include/OpenLoco/World/IndustryManager.h:15:9: note:   'OpenLoco::IndustryManager::Flags::none'
   15 |         none = 0U,
      |         ^~~~
In file included from ~/Work/AROS-dev/aros-openloco/work/OpenLoco/src/OpenLoco/src/World/CompanyAi/CompanyAi.cpp:39:
~/Work/AROS-dev/aros-openloco/work/OpenLoco/src/OpenLoco/include/OpenLoco/Map/TileManager.h:38:9: note:   'OpenLoco::World::TileManager::ElementPositionFlags::none'
   38 |         none = 0U,
      |         ^~~~
In file included from ~/Work/AROS-dev/aros-openloco/work/OpenLoco/src/OpenLoco/include/OpenLoco/Objects/BridgeObject.h:3,
                 from ~/Work/AROS-dev/aros-openloco/work/OpenLoco/src/OpenLoco/src/World/CompanyAi/CompanyAi.cpp:46:
~/Work/AROS-dev/aros-openloco/work/OpenLoco/src/OpenLoco/include/OpenLoco/Map/Track/TrackEnum.h:76:9: note:   'OpenLoco::World::Track::CommonTraitFlags::none'
   76 |         none = 0U,
      |         ^~~~
~/Work/AROS-dev/aros-openloco/work/OpenLoco/src/OpenLoco/include/OpenLoco/Map/Track/TrackEnum.h:112:9: note:   'OpenLoco::World::Track::RoadTraitFlags::none'
  112 |         none = 0U,
      |         ^~~~
~/Work/AROS-dev/aros-openloco/work/OpenLoco/src/OpenLoco/include/OpenLoco/Map/Track/TrackEnum.h:95:9: note:   'OpenLoco::World::Track::TrackTraitFlags::none'
   95 |         none = 0U,
      |         ^~~~
In file included from ~/Work/AROS-dev/aros-openloco/work/OpenLoco/src/OpenLoco/src/World/CompanyAi/CompanyAi.cpp:41:
~/Work/AROS-dev/aros-openloco/work/OpenLoco/src/OpenLoco/include/OpenLoco/Map/Track/TrackData.h:25:9: note:   'OpenLoco::World::TrackData::PreviewTrackFlags::none'
   25 |         none = 0U,
      |         ^~~~
In file included from ~/Work/AROS-dev/aros-openloco/work/OpenLoco/src/OpenLoco/include/OpenLoco/Ui/Window.h:10,
                 from ~/Work/AROS-dev/aros-openloco/work/OpenLoco/src/OpenLoco/include/OpenLoco/Ui/LastMapWindowAttributes.h:3,
                 from ~/Work/AROS-dev/aros-openloco/work/OpenLoco/src/OpenLoco/include/OpenLoco/GameState.h:10,
                 from ~/Work/AROS-dev/aros-openloco/work/OpenLoco/src/OpenLoco/src/World/CompanyAi/CompanyAi.cpp:32:
~/Work/AROS-dev/aros-openloco/work/OpenLoco/src/OpenLoco/include/OpenLoco/Ui/ScrollFlags.hpp:26:27: note:   'OpenLoco::Ui::Scrollbars::none'
   26 |         constexpr uint8_t none = 0;
      |                           ^~~~
~/Work/AROS-dev/aros-openloco/work/OpenLoco/src/OpenLoco/src/World/CompanyAi/CompanyAi.cpp: In function 'bool OpenLoco::sub_48715C(OpenLoco::Company&, OpenLoco::AiThought&)':
~/Work/AROS-dev/aros-openloco/work/OpenLoco/src/OpenLoco/src/World/CompanyAi/CompanyAi.cpp:6769:15: error: expected nested-name-specifier before 'enum'
 6769 |         using enum TrackRoadRemoveQueryFlags;
      |               ^~~~
~/Work/AROS-dev/aros-openloco/work/OpenLoco/src/OpenLoco/src/World/CompanyAi/CompanyAi.cpp:6780:35: error: 'malformed' was not declared in this scope; did you mean 'OpenLoco::TrackRoadRemoveQueryFlags::malformed'?
 6780 |                 if ((roadFlags & (malformed | roadTypeShouldNotBeRemoved | isRoadJunction)) != none)
      |                                   ^~~~~~~~~
      |                                   OpenLoco::TrackRoadRemoveQueryFlags::malformed
~/Work/AROS-dev/aros-openloco/work/OpenLoco/src/OpenLoco/src/World/CompanyAi/CompanyAi.cpp:6477:9: note: 'OpenLoco::TrackRoadRemoveQueryFlags::malformed' declared here
 6477 |         malformed = 1U << 1,
      |         ^~~~~~~~~
~/Work/AROS-dev/aros-openloco/work/OpenLoco/src/OpenLoco/src/World/CompanyAi/CompanyAi.cpp:6780:47: error: 'roadTypeShouldNotBeRemoved' was not declared in this scope; did you mean 'OpenLoco::TrackRoadRemoveQueryFlags::roadTypeShouldNotBeRemoved'?
 6780 |                 if ((roadFlags & (malformed | roadTypeShouldNotBeRemoved | isRoadJunction)) != none)
      |                                               ^~~~~~~~~~~~~~~~~~~~~~~~~~
      |                                               OpenLoco::TrackRoadRemoveQueryFlags::roadTypeShouldNotBeRemoved
~/Work/AROS-dev/aros-openloco/work/OpenLoco/src/OpenLoco/src/World/CompanyAi/CompanyAi.cpp:6474:9: note: 'OpenLoco::TrackRoadRemoveQueryFlags::roadTypeShouldNotBeRemoved' declared here
 6474 |         roadTypeShouldNotBeRemoved = 1U << 0,
      |         ^~~~~~~~~~~~~~~~~~~~~~~~~~
~/Work/AROS-dev/aros-openloco/work/OpenLoco/src/OpenLoco/src/World/CompanyAi/CompanyAi.cpp:6780:76: error: 'isRoadJunction' was not declared in this scope; did you mean 'OpenLoco::TrackRoadRemoveQueryFlags::isRoadJunction'?
 6780 |                 if ((roadFlags & (malformed | roadTypeShouldNotBeRemoved | isRoadJunction)) != none)
      |                                                                            ^~~~~~~~~~~~~~
      |                                                                            OpenLoco::TrackRoadRemoveQueryFlags::isRoadJunction
~/Work/AROS-dev/aros-openloco/work/OpenLoco/src/OpenLoco/src/World/CompanyAi/CompanyAi.cpp:6479:9: note: 'OpenLoco::TrackRoadRemoveQueryFlags::isRoadJunction' declared here
 6479 |         isRoadJunction = 1U << 3,
      |         ^~~~~~~~~~~~~~
~/Work/AROS-dev/aros-openloco/work/OpenLoco/src/OpenLoco/src/World/CompanyAi/CompanyAi.cpp:6780:96: error: 'none' was not declared in this scope
 6780 |                 if ((roadFlags & (malformed | roadTypeShouldNotBeRemoved | isRoadJunction)) != none)
      |                                                                                                ^~~~
~/Work/AROS-dev/aros-openloco/work/OpenLoco/src/OpenLoco/src/World/CompanyAi/CompanyAi.cpp:6780:96: note: suggested alternatives:
~/Work/AROS-dev/aros-openloco/work/OpenLoco/src/OpenLoco/src/World/CompanyAi/CompanyAi.cpp:6473:9: note:   'OpenLoco::TrackRoadRemoveQueryFlags::none'
 6473 |         none = 0,
      |         ^~~~
~/Work/AROS-dev/aros-openloco/work/OpenLoco/src/OpenLoco/src/World/CompanyAi/CompanyAi.cpp:100:9: note:   'OpenLoco::ThoughtTypeFlags::none'
  100 |         none = 0U,
      |         ^~~~
In file included from ~/Work/AROS-dev/aros-openloco/work/OpenLoco/src/OpenLoco/include/OpenLoco/Vehicles/Vehicle.h:5,
                 from ~/Work/AROS-dev/aros-openloco/work/OpenLoco/src/OpenLoco/src/World/CompanyAi/CompanyAi.cpp:63:
~/Work/AROS-dev/aros-openloco/work/OpenLoco/src/OpenLoco/include/OpenLoco/Objects/VehicleObject.h:219:9: note:   'OpenLoco::DrivingSoundType::none'
  219 |         none,
      |         ^~~~
~/Work/AROS-dev/aros-openloco/work/OpenLoco/src/OpenLoco/include/OpenLoco/Objects/VehicleObject.h:191:9: note:   'OpenLoco::VehicleObjectFlags::none'
  191 |         none = 0U,
      |         ^~~~
~/Work/AROS-dev/aros-openloco/work/OpenLoco/src/OpenLoco/include/OpenLoco/Objects/VehicleObject.h:150:9: note:   'OpenLoco::BodySpriteFlags::none'
  150 |         none = 0U,
      |         ^~~~
In file included from ~/Work/AROS-dev/aros-openloco/work/OpenLoco/src/OpenLoco/include/OpenLoco/Vehicles/Vehicle.h:5,
                 from ~/Work/AROS-dev/aros-openloco/work/OpenLoco/src/OpenLoco/src/World/CompanyAi/CompanyAi.cpp:63:
~/Work/AROS-dev/aros-openloco/work/OpenLoco/src/OpenLoco/include/OpenLoco/Objects/VehicleObject.h:120:9: note:   'OpenLoco::BogieSpriteFlags::none'
  120 |         none = 0U,
      |         ^~~~
~/Work/AROS-dev/aros-openloco/work/OpenLoco/src/OpenLoco/include/OpenLoco/Objects/VehicleObject.h:30:9: note:   'OpenLoco::EmitterAnimationType::none'
   30 |         none = 0,
      |         ^~~~
In file included from ~/Work/AROS-dev/aros-openloco/work/OpenLoco/src/OpenLoco/src/World/CompanyAi/CompanyAi.cpp:60:
~/Work/AROS-dev/aros-openloco/work/OpenLoco/src/OpenLoco/include/OpenLoco/Objects/TreeObject.h:22:9: note:   'OpenLoco::TreeObjectFlags::none'
   22 |         none = 0U,
      |         ^~~~
In file included from ~/Work/AROS-dev/aros-openloco/work/OpenLoco/src/OpenLoco/src/World/CompanyAi/CompanyAi.cpp:59:
~/Work/AROS-dev/aros-openloco/work/OpenLoco/src/OpenLoco/include/OpenLoco/Objects/TrainStationObject.h:26:9: note:   'OpenLoco::TrainStationFlags::none'
   26 |         none = 0U,
      |         ^~~~
In file included from ~/Work/AROS-dev/aros-openloco/work/OpenLoco/src/OpenLoco/src/World/CompanyAi/CompanyAi.cpp:58:
~/Work/AROS-dev/aros-openloco/work/OpenLoco/src/OpenLoco/include/OpenLoco/Objects/TrainSignalObject.h:22:9: note:   'OpenLoco::TrainSignalObjectFlags::none'
   22 |         none = 0U,
      |         ^~~~
In file included from ~/Work/AROS-dev/aros-openloco/work/OpenLoco/src/OpenLoco/src/World/CompanyAi/CompanyAi.cpp:57:
~/Work/AROS-dev/aros-openloco/work/OpenLoco/src/OpenLoco/include/OpenLoco/Objects/TrackObject.h:23:9: note:   'OpenLoco::TrackObjectFlags::none'
   23 |         none = 0U,
      |         ^~~~
In file included from ~/Work/AROS-dev/aros-openloco/work/OpenLoco/src/OpenLoco/src/World/CompanyAi/CompanyAi.cpp:55:
~/Work/AROS-dev/aros-openloco/work/OpenLoco/src/OpenLoco/include/OpenLoco/Objects/RoadStationObject.h:25:9: note:   'OpenLoco::RoadStationFlags::none'
   25 |         none = 0U,
      |         ^~~~
In file included from ~/Work/AROS-dev/aros-openloco/work/OpenLoco/src/OpenLoco/src/World/CompanyAi/CompanyAi.cpp:54:
~/Work/AROS-dev/aros-openloco/work/OpenLoco/src/OpenLoco/include/OpenLoco/Objects/RoadObject.h:26:9: note:   'OpenLoco::RoadObjectFlags::none'
   26 |         none = 0U,
      |         ^~~~
In file included from ~/Work/AROS-dev/aros-openloco/work/OpenLoco/src/OpenLoco/src/World/CompanyAi/CompanyAi.cpp:50:
~/Work/AROS-dev/aros-openloco/work/OpenLoco/src/OpenLoco/include/OpenLoco/Objects/DockObject.h:23:9: note:   'OpenLoco::DockObjectFlags::none'
   23 |         none = 0,
      |         ^~~~
In file included from ~/Work/AROS-dev/aros-openloco/work/OpenLoco/src/OpenLoco/src/World/CompanyAi/CompanyAi.cpp:48:
~/Work/AROS-dev/aros-openloco/work/OpenLoco/src/OpenLoco/include/OpenLoco/Objects/CargoObject.h:17:9: note:   'OpenLoco::CargoObjectFlags::none'
   17 |         none = 0U,
      |         ^~~~
In file included from ~/Work/AROS-dev/aros-openloco/work/OpenLoco/src/OpenLoco/src/World/CompanyAi/CompanyAi.cpp:47:
~/Work/AROS-dev/aros-openloco/work/OpenLoco/src/OpenLoco/include/OpenLoco/Objects/BuildingObject.h:42:9: note:   'OpenLoco::TownAmenityCategory::none'
   42 |         none = 0xFFU,  // Most buildings will have this category
      |         ^~~~
~/Work/AROS-dev/aros-openloco/work/OpenLoco/src/OpenLoco/include/OpenLoco/Objects/BuildingObject.h:23:9: note:   'OpenLoco::BuildingObjectFlags::none'
   23 |         none = 0U,
      |         ^~~~
In file included from ~/Work/AROS-dev/aros-openloco/work/OpenLoco/src/OpenLoco/src/World/CompanyAi/CompanyAi.cpp:46:
~/Work/AROS-dev/aros-openloco/work/OpenLoco/src/OpenLoco/include/OpenLoco/Objects/BridgeObject.h:24:9: note:   'OpenLoco::BridgeObjectFlags::none'
   24 |         none = 0U,
      |         ^~~~
In file included from ~/Work/AROS-dev/aros-openloco/work/OpenLoco/src/OpenLoco/src/World/CompanyAi/CompanyAi.cpp:45:
~/Work/AROS-dev/aros-openloco/work/OpenLoco/src/OpenLoco/include/OpenLoco/Objects/AirportObject.h:39:9: note:   'OpenLoco::AirportObjectFlags::none'
   39 |         none = 0,
      |         ^~~~
~/Work/AROS-dev/aros-openloco/work/OpenLoco/src/OpenLoco/include/OpenLoco/Objects/AirportObject.h:24:9: note:   'OpenLoco::AirportMovementNodeFlags::none'
   24 |         none = 0U,
      |         ^~~~
In file included from ~/Work/AROS-dev/aros-openloco/work/OpenLoco/src/OpenLoco/include/OpenLoco/GameState.h:16,
                 from ~/Work/AROS-dev/aros-openloco/work/OpenLoco/src/OpenLoco/src/World/CompanyAi/CompanyAi.cpp:32:
~/Work/AROS-dev/aros-openloco/work/OpenLoco/src/OpenLoco/include/OpenLoco/World/Town.h:26:9: note:   'OpenLoco::TownGrowFlags::none'
   26 |         none = 0U,
      |         ^~~~
~/Work/AROS-dev/aros-openloco/work/OpenLoco/src/OpenLoco/include/OpenLoco/World/Town.h:18:9: note:   'OpenLoco::TownFlags::none'
   18 |         none = 0U,
      |         ^~~~
In file included from ~/Work/AROS-dev/aros-openloco/work/OpenLoco/src/OpenLoco/include/OpenLoco/GameState.h:15,
                 from ~/Work/AROS-dev/aros-openloco/work/OpenLoco/src/OpenLoco/src/World/CompanyAi/CompanyAi.cpp:32:
~/Work/AROS-dev/aros-openloco/work/OpenLoco/src/OpenLoco/include/OpenLoco/World/Station.h:80:9: note:   'OpenLoco::StationFlags::none'
   80 |         none = 0U,
      |         ^~~~
~/Work/AROS-dev/aros-openloco/work/OpenLoco/src/OpenLoco/include/OpenLoco/World/Station.h:28:9: note:   'OpenLoco::StationCargoStatsFlags::none'
   28 |         none = 0U,
      |         ^~~~
In file included from ~/Work/AROS-dev/aros-openloco/work/OpenLoco/src/OpenLoco/include/OpenLoco/World/IndustryManager.h:7,
                 from ~/Work/AROS-dev/aros-openloco/work/OpenLoco/src/OpenLoco/include/OpenLoco/GameState.h:14,
                 from ~/Work/AROS-dev/aros-openloco/work/OpenLoco/src/OpenLoco/src/World/CompanyAi/CompanyAi.cpp:32:
~/Work/AROS-dev/aros-openloco/work/OpenLoco/src/OpenLoco/include/OpenLoco/Objects/IndustryObject.h:22:9: note:   'OpenLoco::IndustryObjectFlags::none'
   22 |         none = 0U,
      |         ^~~~
In file included from ~/Work/AROS-dev/aros-openloco/work/OpenLoco/src/OpenLoco/include/OpenLoco/GameState.h:13,
                 from ~/Work/AROS-dev/aros-openloco/work/OpenLoco/src/OpenLoco/src/World/CompanyAi/CompanyAi.cpp:32:
~/Work/AROS-dev/aros-openloco/work/OpenLoco/src/OpenLoco/include/OpenLoco/World/Industry.h:27:9: note:   'OpenLoco::IndustryFlags::none'
   27 |         none = 0U,
      |         ^~~~
In file included from ~/Work/AROS-dev/aros-openloco/work/OpenLoco/src/OpenLoco/include/OpenLoco/Ui/Window.h:14,
                 from ~/Work/AROS-dev/aros-openloco/work/OpenLoco/src/OpenLoco/include/OpenLoco/Ui/LastMapWindowAttributes.h:3,
                 from ~/Work/AROS-dev/aros-openloco/work/OpenLoco/src/OpenLoco/include/OpenLoco/GameState.h:10,
                 from ~/Work/AROS-dev/aros-openloco/work/OpenLoco/src/OpenLoco/src/World/CompanyAi/CompanyAi.cpp:32:
~/Work/AROS-dev/aros-openloco/work/OpenLoco/src/OpenLoco/include/OpenLoco/World/Company.h:38:9: note:   'OpenLoco::AiPlaystyleFlags::none'
   38 |         none = 0U,
      |         ^~~~
~/Work/AROS-dev/aros-openloco/work/OpenLoco/src/OpenLoco/include/OpenLoco/World/Company.h:21:9: note:   'OpenLoco::CompanyFlags::none'
   21 |         none = 0U,
      |         ^~~~
In file included from ~/Work/AROS-dev/aros-openloco/work/OpenLoco/src/OpenLoco/include/OpenLoco/GameState.h:7,
                 from ~/Work/AROS-dev/aros-openloco/work/OpenLoco/src/OpenLoco/src/World/CompanyAi/CompanyAi.cpp:32:
~/Work/AROS-dev/aros-openloco/work/OpenLoco/src/OpenLoco/include/OpenLoco/Message.h:74:9: note:   'OpenLoco::MessageTypeFlags::none'
   74 |         none = 0U,
      |         ^~~~
In file included from ~/Work/AROS-dev/aros-openloco/work/OpenLoco/src/OpenLoco/src/World/CompanyAi/CompanyAi.cpp:1:
~/Work/AROS-dev/aros-openloco/work/OpenLoco/src/OpenLoco/include/OpenLoco/World/CompanyAi/CompanyAi.h:97:9: note:   'OpenLoco::AiPurchaseFlags::none'
   97 |         none = 0,
      |         ^~~~
~/Work/AROS-dev/aros-openloco/work/OpenLoco/src/OpenLoco/include/OpenLoco/World/CompanyAi/CompanyAi.h:88:9: note:   'OpenLoco::AiThoughtStationFlags::none'
   88 |         none = 0U,
      |         ^~~~
In file included from /Volumes/arosmain/toolchain-mainline/lib/gcc/x86_64-aros/10.5.0/include/c++/filesystem:44,
                 from ~/Work/AROS-dev/aros-openloco/deps/mainline-v1/src/fmt/include/fmt/std.h:32,
                 from ~/Work/AROS-dev/aros-openloco/work/OpenLoco/src/Diagnostics/include/OpenLoco/Diagnostics/Logging.h:6,
                 from ~/Work/AROS-dev/aros-openloco/work/OpenLoco/src/OpenLoco/include/OpenLoco/Logging.h:3,
                 from ~/Work/AROS-dev/aros-openloco/work/OpenLoco/src/OpenLoco/src/World/CompanyAi/CompanyAi.cpp:33:
/Volumes/arosmain/toolchain-mainline/lib/gcc/x86_64-aros/10.5.0/include/c++/bits/fs_fwd.h:252:7: note:   'std::filesystem::directory_options::none'
  252 |       none = 0, follow_directory_symlink = 1, skip_permission_denied = 2
      |       ^~~~
/Volumes/arosmain/toolchain-mainline/lib/gcc/x86_64-aros/10.5.0/include/c++/bits/fs_fwd.h:135:7: note:   'std::filesystem::perms::none'
  135 |       none  =  0,
      |       ^~~~
/Volumes/arosmain/toolchain-mainline/lib/gcc/x86_64-aros/10.5.0/include/c++/bits/fs_fwd.h:82:7: note:   'std::filesystem::copy_options::none'
   82 |       none = 0,
      |       ^~~~
/Volumes/arosmain/toolchain-mainline/lib/gcc/x86_64-aros/10.5.0/include/c++/bits/fs_fwd.h:76:7: note:   'std::filesystem::file_type::none'
   76 |       none = 0, not_found = -1, regular = 1, directory = 2, symlink = 3,
      |       ^~~~
In file included from ~/Work/AROS-dev/aros-openloco/work/OpenLoco/src/OpenLoco/include/OpenLoco/Map/TileState.h:12,
                 from ~/Work/AROS-dev/aros-openloco/work/OpenLoco/src/OpenLoco/include/OpenLoco/GameState.h:5,
                 from ~/Work/AROS-dev/aros-openloco/work/OpenLoco/src/OpenLoco/src/World/CompanyAi/CompanyAi.cpp:32:
~/Work/AROS-dev/aros-openloco/work/OpenLoco/src/OpenLoco/include/OpenLoco/Map/WallElement.h:11:9: note:   'OpenLoco::World::EdgeSlope::none'
   11 |         none = 0U,
      |         ^~~~
In file included from ~/Work/AROS-dev/aros-openloco/work/OpenLoco/src/OpenLoco/src/World/CompanyAi/CompanyAi.cpp:66:
~/Work/AROS-dev/aros-openloco/work/OpenLoco/src/OpenLoco/include/OpenLoco/Vehicles/VehicleHead.h:28:9: note:   'OpenLoco::Vehicles::WaterMotionFlags::none'
   28 |         none = 0U,
      |         ^~~~
In file included from ~/Work/AROS-dev/aros-openloco/work/OpenLoco/src/OpenLoco/src/World/CompanyAi/CompanyAi.cpp:64:
~/Work/AROS-dev/aros-openloco/work/OpenLoco/src/OpenLoco/include/OpenLoco/Vehicles/Vehicle2.h:18:9: note:   'OpenLoco::Vehicles::Flags73::none'
   18 |         none = 0U,
      |         ^~~~
In file included from ~/Work/AROS-dev/aros-openloco/work/OpenLoco/src/OpenLoco/src/World/CompanyAi/CompanyAi.cpp:63:
~/Work/AROS-dev/aros-openloco/work/OpenLoco/src/OpenLoco/include/OpenLoco/Vehicles/Vehicle.h:240:9: note:   'OpenLoco::Vehicles::RoadOccupationFlags::none'
  240 |         none = 0U,
      |         ^~~~
In file included from ~/Work/AROS-dev/aros-openloco/work/OpenLoco/src/OpenLoco/src/World/CompanyAi/CompanyAi.cpp:63:
~/Work/AROS-dev/aros-openloco/work/OpenLoco/src/OpenLoco/include/OpenLoco/Vehicles/Vehicle.h:169:9: note:   'OpenLoco::Vehicles::SignalStateFlags::none'
  169 |         none = 0U,
      |         ^~~~
~/Work/AROS-dev/aros-openloco/work/OpenLoco/src/OpenLoco/include/OpenLoco/Vehicles/Vehicle.h:83:9: note:   'OpenLoco::Vehicles::VehicleFlags::none'
   83 |         none = 0U,
      |         ^~~~
~/Work/AROS-dev/aros-openloco/work/OpenLoco/src/OpenLoco/include/OpenLoco/Vehicles/Vehicle.h:69:9: note:   'OpenLoco::Vehicles::BreakdownFlags::none'
   69 |         none = 0U,
      |         ^~~~
~/Work/AROS-dev/aros-openloco/work/OpenLoco/src/OpenLoco/include/OpenLoco/Vehicles/Vehicle.h:46:9: note:   'OpenLoco::Vehicles::UpdateVar1136114Flags::none'
   46 |         none = 0U,
      |         ^~~~
~/Work/AROS-dev/aros-openloco/work/OpenLoco/src/OpenLoco/include/OpenLoco/Vehicles/Vehicle.h:38:9: note:   'OpenLoco::Vehicles::SoundFlags::none'
   38 |         none = 0U,
      |         ^~~~
~/Work/AROS-dev/aros-openloco/work/OpenLoco/src/OpenLoco/include/OpenLoco/Vehicles/Vehicle.h:26:9: note:   'OpenLoco::Vehicles::Flags38::none'
   26 |         none = 0U,
      |         ^~~~
In file included from ~/Work/AROS-dev/aros-openloco/work/OpenLoco/src/OpenLoco/src/World/CompanyAi/CompanyAi.cpp:62:
~/Work/AROS-dev/aros-openloco/work/OpenLoco/src/OpenLoco/include/OpenLoco/Vehicles/Orders.h:22:9: note:   'OpenLoco::Vehicles::OrderFlags::none'
   22 |         none = 0U,
      |         ^~~~
In file included from ~/Work/AROS-dev/aros-openloco/work/OpenLoco/src/OpenLoco/include/OpenLoco/GameCommands/Airports/CreateAirport.h:3,
                 from ~/Work/AROS-dev/aros-openloco/work/OpenLoco/src/OpenLoco/src/World/CompanyAi/CompanyAi.cpp:4:
~/Work/AROS-dev/aros-openloco/work/OpenLoco/src/OpenLoco/include/OpenLoco/GameCommands/GameCommands.h:40:9: note:   'OpenLoco::GameCommands::Flags::none'
   40 |         none = 0U,
      |         ^~~~
In file included from ~/Work/AROS-dev/aros-openloco/work/OpenLoco/src/OpenLoco/include/OpenLoco/GameState.h:9,
                 from ~/Work/AROS-dev/aros-openloco/work/OpenLoco/src/OpenLoco/src/World/CompanyAi/CompanyAi.cpp:32:
~/Work/AROS-dev/aros-openloco/work/OpenLoco/src/OpenLoco/include/OpenLoco/Scenario/ScenarioObjective.h:9:9: note:   'OpenLoco::Scenario::ObjectiveFlags::none'
    9 |         none = 0U,
      |         ^~~~
In file included from ~/Work/AROS-dev/aros-openloco/work/OpenLoco/src/OpenLoco/include/OpenLoco/Ui/Window.h:5,
                 from ~/Work/AROS-dev/aros-openloco/work/OpenLoco/src/OpenLoco/include/OpenLoco/Ui/LastMapWindowAttributes.h:3,
                 from ~/Work/AROS-dev/aros-openloco/work/OpenLoco/src/OpenLoco/include/OpenLoco/GameState.h:10,
                 from ~/Work/AROS-dev/aros-openloco/work/OpenLoco/src/OpenLoco/src/World/CompanyAi/CompanyAi.cpp:32:
~/Work/AROS-dev/aros-openloco/work/OpenLoco/src/OpenLoco/include/OpenLoco/Graphics/Gfx.h:51:9: note:   'OpenLoco::Gfx::G1ElementFlags::none'
   51 |         none = 0U,
      |         ^~~~
In file included from ~/Work/AROS-dev/aros-openloco/work/OpenLoco/src/OpenLoco/include/OpenLoco/Ui/LastMapWindowAttributes.h:3,
                 from ~/Work/AROS-dev/aros-openloco/work/OpenLoco/src/OpenLoco/include/OpenLoco/GameState.h:10,
                 from ~/Work/AROS-dev/aros-openloco/work/OpenLoco/src/OpenLoco/src/World/CompanyAi/CompanyAi.cpp:32:
~/Work/AROS-dev/aros-openloco/work/OpenLoco/src/OpenLoco/include/OpenLoco/Ui/Window.h:42:9: note:   'OpenLoco::Ui::WindowFlags::none'
   42 |         none = 0U,
      |         ^~~~
In file included from ~/Work/AROS-dev/aros-openloco/work/OpenLoco/src/OpenLoco/include/OpenLoco/Ui/Window.h:13,
                 from ~/Work/AROS-dev/aros-openloco/work/OpenLoco/src/OpenLoco/include/OpenLoco/Ui/LastMapWindowAttributes.h:3,
                 from ~/Work/AROS-dev/aros-openloco/work/OpenLoco/src/OpenLoco/include/OpenLoco/GameState.h:10,
                 from ~/Work/AROS-dev/aros-openloco/work/OpenLoco/src/OpenLoco/src/World/CompanyAi/CompanyAi.cpp:32:
~/Work/AROS-dev/aros-openloco/work/OpenLoco/src/OpenLoco/include/OpenLoco/Viewport.hpp:51:9: note:   'OpenLoco::Ui::ViewportFlags::none'
   51 |         none = 0U,
      |         ^~~~
In file included from ~/Work/AROS-dev/aros-openloco/work/OpenLoco/src/OpenLoco/include/OpenLoco/Ui/Window.h:10,
                 from ~/Work/AROS-dev/aros-openloco/work/OpenLoco/src/OpenLoco/include/OpenLoco/Ui/LastMapWindowAttributes.h:3,
                 from ~/Work/AROS-dev/aros-openloco/work/OpenLoco/src/OpenLoco/include/OpenLoco/GameState.h:10,
                 from ~/Work/AROS-dev/aros-openloco/work/OpenLoco/src/OpenLoco/src/World/CompanyAi/CompanyAi.cpp:32:
~/Work/AROS-dev/aros-openloco/work/OpenLoco/src/OpenLoco/include/OpenLoco/Ui/ScrollFlags.hpp:34:9: note:   'OpenLoco::Ui::ScrollFlags::none'
   34 |         none = 0U,
      |         ^~~~
~/Work/AROS-dev/aros-openloco/work/OpenLoco/src/OpenLoco/include/OpenLoco/Ui/ScrollFlags.hpp:10:9: note:   'OpenLoco::Ui::ScrollPart::none'
   10 |         none = -1,
      |         ^~~~
In file included from ~/Work/AROS-dev/aros-openloco/work/OpenLoco/src/OpenLoco/include/OpenLoco/GameState.h:14,
                 from ~/Work/AROS-dev/aros-openloco/work/OpenLoco/src/OpenLoco/src/World/CompanyAi/CompanyAi.cpp:32:
~/Work/AROS-dev/aros-openloco/work/OpenLoco/src/OpenLoco/include/OpenLoco/World/IndustryManager.h:15:9: note:   'OpenLoco::IndustryManager::Flags::none'
   15 |         none = 0U,
      |         ^~~~
In file included from ~/Work/AROS-dev/aros-openloco/work/OpenLoco/src/OpenLoco/src/World/CompanyAi/CompanyAi.cpp:39:
~/Work/AROS-dev/aros-openloco/work/OpenLoco/src/OpenLoco/include/OpenLoco/Map/TileManager.h:38:9: note:   'OpenLoco::World::TileManager::ElementPositionFlags::none'
   38 |         none = 0U,
      |         ^~~~
In file included from ~/Work/AROS-dev/aros-openloco/work/OpenLoco/src/OpenLoco/include/OpenLoco/Objects/BridgeObject.h:3,
                 from ~/Work/AROS-dev/aros-openloco/work/OpenLoco/src/OpenLoco/src/World/CompanyAi/CompanyAi.cpp:46:
~/Work/AROS-dev/aros-openloco/work/OpenLoco/src/OpenLoco/include/OpenLoco/Map/Track/TrackEnum.h:76:9: note:   'OpenLoco::World::Track::CommonTraitFlags::none'
   76 |         none = 0U,
      |         ^~~~
~/Work/AROS-dev/aros-openloco/work/OpenLoco/src/OpenLoco/include/OpenLoco/Map/Track/TrackEnum.h:112:9: note:   'OpenLoco::World::Track::RoadTraitFlags::none'
  112 |         none = 0U,
      |         ^~~~
~/Work/AROS-dev/aros-openloco/work/OpenLoco/src/OpenLoco/include/OpenLoco/Map/Track/TrackEnum.h:95:9: note:   'OpenLoco::World::Track::TrackTraitFlags::none'
   95 |         none = 0U,
      |         ^~~~
In file included from ~/Work/AROS-dev/aros-openloco/work/OpenLoco/src/OpenLoco/src/World/CompanyAi/CompanyAi.cpp:41:
~/Work/AROS-dev/aros-openloco/work/OpenLoco/src/OpenLoco/include/OpenLoco/Map/Track/TrackData.h:25:9: note:   'OpenLoco::World::TrackData::PreviewTrackFlags::none'
   25 |         none = 0U,
      |         ^~~~
In file included from ~/Work/AROS-dev/aros-openloco/work/OpenLoco/src/OpenLoco/include/OpenLoco/Ui/Window.h:10,
                 from ~/Work/AROS-dev/aros-openloco/work/OpenLoco/src/OpenLoco/include/OpenLoco/Ui/LastMapWindowAttributes.h:3,
                 from ~/Work/AROS-dev/aros-openloco/work/OpenLoco/src/OpenLoco/include/OpenLoco/GameState.h:10,
                 from ~/Work/AROS-dev/aros-openloco/work/OpenLoco/src/OpenLoco/src/World/CompanyAi/CompanyAi.cpp:32:
~/Work/AROS-dev/aros-openloco/work/OpenLoco/src/OpenLoco/include/OpenLoco/Ui/ScrollFlags.hpp:26:27: note:   'OpenLoco::Ui::Scrollbars::none'
   26 |         constexpr uint8_t none = 0;
      |                           ^~~~
~/Work/AROS-dev/aros-openloco/work/OpenLoco/src/OpenLoco/src/World/CompanyAi/CompanyAi.cpp:6860:43: error: 'roadTypeShouldNotBeRemoved' was not declared in this scope; did you mean 'OpenLoco::TrackRoadRemoveQueryFlags::roadTypeShouldNotBeRemoved'?
 6860 |                         if ((roadFlags & (roadTypeShouldNotBeRemoved | malformed | hasStation | isRoadJunction)) != none)
      |                                           ^~~~~~~~~~~~~~~~~~~~~~~~~~
      |                                           OpenLoco::TrackRoadRemoveQueryFlags::roadTypeShouldNotBeRemoved
~/Work/AROS-dev/aros-openloco/work/OpenLoco/src/OpenLoco/src/World/CompanyAi/CompanyAi.cpp:6474:9: note: 'OpenLoco::TrackRoadRemoveQueryFlags::roadTypeShouldNotBeRemoved' declared here
 6474 |         roadTypeShouldNotBeRemoved = 1U << 0,
      |         ^~~~~~~~~~~~~~~~~~~~~~~~~~
~/Work/AROS-dev/aros-openloco/work/OpenLoco/src/OpenLoco/src/World/CompanyAi/CompanyAi.cpp:6860:72: error: 'malformed' was not declared in this scope; did you mean 'OpenLoco::TrackRoadRemoveQueryFlags::malformed'?
 6860 |                         if ((roadFlags & (roadTypeShouldNotBeRemoved | malformed | hasStation | isRoadJunction)) != none)
      |                                                                        ^~~~~~~~~
      |                                                                        OpenLoco::TrackRoadRemoveQueryFlags::malformed
~/Work/AROS-dev/aros-openloco/work/OpenLoco/src/OpenLoco/src/World/CompanyAi/CompanyAi.cpp:6477:9: note: 'OpenLoco::TrackRoadRemoveQueryFlags::malformed' declared here
 6477 |         malformed = 1U << 1,
      |         ^~~~~~~~~
~/Work/AROS-dev/aros-openloco/work/OpenLoco/src/OpenLoco/src/World/CompanyAi/CompanyAi.cpp:6860:84: error: 'hasStation' was not declared in this scope
 6860 |                         if ((roadFlags & (roadTypeShouldNotBeRemoved | malformed | hasStation | isRoadJunction)) != none)
      |                                                                                    ^~~~~~~~~~
~/Work/AROS-dev/aros-openloco/work/OpenLoco/src/OpenLoco/src/World/CompanyAi/CompanyAi.cpp:6860:84: note: suggested alternatives:
~/Work/AROS-dev/aros-openloco/work/OpenLoco/src/OpenLoco/src/World/CompanyAi/CompanyAi.cpp:6478:9: note:   'OpenLoco::TrackRoadRemoveQueryFlags::hasStation'
 6478 |         hasStation = 1U << 2,
      |         ^~~~~~~~~~
In file included from ~/Work/AROS-dev/aros-openloco/work/OpenLoco/src/OpenLoco/src/World/CompanyAi/CompanyAi.cpp:63:
~/Work/AROS-dev/aros-openloco/work/OpenLoco/src/OpenLoco/include/OpenLoco/Vehicles/Vehicle.h:244:9: note:   'OpenLoco::Vehicles::RoadOccupationFlags::hasStation'
  244 |         hasStation = 1U << 3,
      |         ^~~~~~~~~~
~/Work/AROS-dev/aros-openloco/work/OpenLoco/src/OpenLoco/src/World/CompanyAi/CompanyAi.cpp:6860:97: error: 'isRoadJunction' was not declared in this scope; did you mean 'OpenLoco::TrackRoadRemoveQueryFlags::isRoadJunction'?
 6860 |                         if ((roadFlags & (roadTypeShouldNotBeRemoved | malformed | hasStation | isRoadJunction)) != none)
      |                                                                                                 ^~~~~~~~~~~~~~
      |                                                                                                 OpenLoco::TrackRoadRemoveQueryFlags::isRoadJunction
~/Work/AROS-dev/aros-openloco/work/OpenLoco/src/OpenLoco/src/World/CompanyAi/CompanyAi.cpp:6479:9: note: 'OpenLoco::TrackRoadRemoveQueryFlags::isRoadJunction' declared here
 6479 |         isRoadJunction = 1U << 3,
      |         ^~~~~~~~~~~~~~
~/Work/AROS-dev/aros-openloco/work/OpenLoco/src/OpenLoco/src/World/CompanyAi/CompanyAi.cpp:6860:117: error: 'none' was not declared in this scope
 6860 |                         if ((roadFlags & (roadTypeShouldNotBeRemoved | malformed | hasStation | isRoadJunction)) != none)
      |                                                                                                                     ^~~~
~/Work/AROS-dev/aros-openloco/work/OpenLoco/src/OpenLoco/src/World/CompanyAi/CompanyAi.cpp:6860:117: note: suggested alternatives:
~/Work/AROS-dev/aros-openloco/work/OpenLoco/src/OpenLoco/src/World/CompanyAi/CompanyAi.cpp:6473:9: note:   'OpenLoco::TrackRoadRemoveQueryFlags::none'
 6473 |         none = 0,
      |         ^~~~
~/Work/AROS-dev/aros-openloco/work/OpenLoco/src/OpenLoco/src/World/CompanyAi/CompanyAi.cpp:100:9: note:   'OpenLoco::ThoughtTypeFlags::none'
  100 |         none = 0U,
      |         ^~~~
In file included from ~/Work/AROS-dev/aros-openloco/work/OpenLoco/src/OpenLoco/include/OpenLoco/Vehicles/Vehicle.h:5,
                 from ~/Work/AROS-dev/aros-openloco/work/OpenLoco/src/OpenLoco/src/World/CompanyAi/CompanyAi.cpp:63:
~/Work/AROS-dev/aros-openloco/work/OpenLoco/src/OpenLoco/include/OpenLoco/Objects/VehicleObject.h:219:9: note:   'OpenLoco::DrivingSoundType::none'
  219 |         none,
      |         ^~~~
~/Work/AROS-dev/aros-openloco/work/OpenLoco/src/OpenLoco/include/OpenLoco/Objects/VehicleObject.h:191:9: note:   'OpenLoco::VehicleObjectFlags::none'
  191 |         none = 0U,
      |         ^~~~
~/Work/AROS-dev/aros-openloco/work/OpenLoco/src/OpenLoco/include/OpenLoco/Objects/VehicleObject.h:150:9: note:   'OpenLoco::BodySpriteFlags::none'
  150 |         none = 0U,
      |         ^~~~
In file included from ~/Work/AROS-dev/aros-openloco/work/OpenLoco/src/OpenLoco/include/OpenLoco/Vehicles/Vehicle.h:5,
                 from ~/Work/AROS-dev/aros-openloco/work/OpenLoco/src/OpenLoco/src/World/CompanyAi/CompanyAi.cpp:63:
~/Work/AROS-dev/aros-openloco/work/OpenLoco/src/OpenLoco/include/OpenLoco/Objects/VehicleObject.h:120:9: note:   'OpenLoco::BogieSpriteFlags::none'
  120 |         none = 0U,
      |         ^~~~
~/Work/AROS-dev/aros-openloco/work/OpenLoco/src/OpenLoco/include/OpenLoco/Objects/VehicleObject.h:30:9: note:   'OpenLoco::EmitterAnimationType::none'
   30 |         none = 0,
      |         ^~~~
In file included from ~/Work/AROS-dev/aros-openloco/work/OpenLoco/src/OpenLoco/src/World/CompanyAi/CompanyAi.cpp:60:
~/Work/AROS-dev/aros-openloco/work/OpenLoco/src/OpenLoco/include/OpenLoco/Objects/TreeObject.h:22:9: note:   'OpenLoco::TreeObjectFlags::none'
   22 |         none = 0U,
      |         ^~~~
In file included from ~/Work/AROS-dev/aros-openloco/work/OpenLoco/src/OpenLoco/src/World/CompanyAi/CompanyAi.cpp:59:
~/Work/AROS-dev/aros-openloco/work/OpenLoco/src/OpenLoco/include/OpenLoco/Objects/TrainStationObject.h:26:9: note:   'OpenLoco::TrainStationFlags::none'
   26 |         none = 0U,
      |         ^~~~
In file included from ~/Work/AROS-dev/aros-openloco/work/OpenLoco/src/OpenLoco/src/World/CompanyAi/CompanyAi.cpp:58:
~/Work/AROS-dev/aros-openloco/work/OpenLoco/src/OpenLoco/include/OpenLoco/Objects/TrainSignalObject.h:22:9: note:   'OpenLoco::TrainSignalObjectFlags::none'
   22 |         none = 0U,
      |         ^~~~
In file included from ~/Work/AROS-dev/aros-openloco/work/OpenLoco/src/OpenLoco/src/World/CompanyAi/CompanyAi.cpp:57:
~/Work/AROS-dev/aros-openloco/work/OpenLoco/src/OpenLoco/include/OpenLoco/Objects/TrackObject.h:23:9: note:   'OpenLoco::TrackObjectFlags::none'
   23 |         none = 0U,
      |         ^~~~
In file included from ~/Work/AROS-dev/aros-openloco/work/OpenLoco/src/OpenLoco/src/World/CompanyAi/CompanyAi.cpp:55:
~/Work/AROS-dev/aros-openloco/work/OpenLoco/src/OpenLoco/include/OpenLoco/Objects/RoadStationObject.h:25:9: note:   'OpenLoco::RoadStationFlags::none'
   25 |         none = 0U,
      |         ^~~~
In file included from ~/Work/AROS-dev/aros-openloco/work/OpenLoco/src/OpenLoco/src/World/CompanyAi/CompanyAi.cpp:54:
~/Work/AROS-dev/aros-openloco/work/OpenLoco/src/OpenLoco/include/OpenLoco/Objects/RoadObject.h:26:9: note:   'OpenLoco::RoadObjectFlags::none'
   26 |         none = 0U,
      |         ^~~~
In file included from ~/Work/AROS-dev/aros-openloco/work/OpenLoco/src/OpenLoco/src/World/CompanyAi/CompanyAi.cpp:50:
~/Work/AROS-dev/aros-openloco/work/OpenLoco/src/OpenLoco/include/OpenLoco/Objects/DockObject.h:23:9: note:   'OpenLoco::DockObjectFlags::none'
   23 |         none = 0,
      |         ^~~~
In file included from ~/Work/AROS-dev/aros-openloco/work/OpenLoco/src/OpenLoco/src/World/CompanyAi/CompanyAi.cpp:48:
~/Work/AROS-dev/aros-openloco/work/OpenLoco/src/OpenLoco/include/OpenLoco/Objects/CargoObject.h:17:9: note:   'OpenLoco::CargoObjectFlags::none'
   17 |         none = 0U,
      |         ^~~~
In file included from ~/Work/AROS-dev/aros-openloco/work/OpenLoco/src/OpenLoco/src/World/CompanyAi/CompanyAi.cpp:47:
~/Work/AROS-dev/aros-openloco/work/OpenLoco/src/OpenLoco/include/OpenLoco/Objects/BuildingObject.h:42:9: note:   'OpenLoco::TownAmenityCategory::none'
   42 |         none = 0xFFU,  // Most buildings will have this category
      |         ^~~~
~/Work/AROS-dev/aros-openloco/work/OpenLoco/src/OpenLoco/include/OpenLoco/Objects/BuildingObject.h:23:9: note:   'OpenLoco::BuildingObjectFlags::none'
   23 |         none = 0U,
      |         ^~~~
In file included from ~/Work/AROS-dev/aros-openloco/work/OpenLoco/src/OpenLoco/src/World/CompanyAi/CompanyAi.cpp:46:
~/Work/AROS-dev/aros-openloco/work/OpenLoco/src/OpenLoco/include/OpenLoco/Objects/BridgeObject.h:24:9: note:   'OpenLoco::BridgeObjectFlags::none'
   24 |         none = 0U,
      |         ^~~~
In file included from ~/Work/AROS-dev/aros-openloco/work/OpenLoco/src/OpenLoco/src/World/CompanyAi/CompanyAi.cpp:45:
~/Work/AROS-dev/aros-openloco/work/OpenLoco/src/OpenLoco/include/OpenLoco/Objects/AirportObject.h:39:9: note:   'OpenLoco::AirportObjectFlags::none'
   39 |         none = 0,
      |         ^~~~
~/Work/AROS-dev/aros-openloco/work/OpenLoco/src/OpenLoco/include/OpenLoco/Objects/AirportObject.h:24:9: note:   'OpenLoco::AirportMovementNodeFlags::none'
   24 |         none = 0U,
      |         ^~~~
In file included from ~/Work/AROS-dev/aros-openloco/work/OpenLoco/src/OpenLoco/include/OpenLoco/GameState.h:16,
                 from ~/Work/AROS-dev/aros-openloco/work/OpenLoco/src/OpenLoco/src/World/CompanyAi/CompanyAi.cpp:32:
~/Work/AROS-dev/aros-openloco/work/OpenLoco/src/OpenLoco/include/OpenLoco/World/Town.h:26:9: note:   'OpenLoco::TownGrowFlags::none'
   26 |         none = 0U,
      |         ^~~~
~/Work/AROS-dev/aros-openloco/work/OpenLoco/src/OpenLoco/include/OpenLoco/World/Town.h:18:9: note:   'OpenLoco::TownFlags::none'
   18 |         none = 0U,
      |         ^~~~
In file included from ~/Work/AROS-dev/aros-openloco/work/OpenLoco/src/OpenLoco/include/OpenLoco/GameState.h:15,
                 from ~/Work/AROS-dev/aros-openloco/work/OpenLoco/src/OpenLoco/src/World/CompanyAi/CompanyAi.cpp:32:
~/Work/AROS-dev/aros-openloco/work/OpenLoco/src/OpenLoco/include/OpenLoco/World/Station.h:80:9: note:   'OpenLoco::StationFlags::none'
   80 |         none = 0U,
      |         ^~~~
~/Work/AROS-dev/aros-openloco/work/OpenLoco/src/OpenLoco/include/OpenLoco/World/Station.h:28:9: note:   'OpenLoco::StationCargoStatsFlags::none'
   28 |         none = 0U,
      |         ^~~~
In file included from ~/Work/AROS-dev/aros-openloco/work/OpenLoco/src/OpenLoco/include/OpenLoco/World/IndustryManager.h:7,
                 from ~/Work/AROS-dev/aros-openloco/work/OpenLoco/src/OpenLoco/include/OpenLoco/GameState.h:14,
                 from ~/Work/AROS-dev/aros-openloco/work/OpenLoco/src/OpenLoco/src/World/CompanyAi/CompanyAi.cpp:32:
~/Work/AROS-dev/aros-openloco/work/OpenLoco/src/OpenLoco/include/OpenLoco/Objects/IndustryObject.h:22:9: note:   'OpenLoco::IndustryObjectFlags::none'
   22 |         none = 0U,
      |         ^~~~
In file included from ~/Work/AROS-dev/aros-openloco/work/OpenLoco/src/OpenLoco/include/OpenLoco/GameState.h:13,
                 from ~/Work/AROS-dev/aros-openloco/work/OpenLoco/src/OpenLoco/src/World/CompanyAi/CompanyAi.cpp:32:
~/Work/AROS-dev/aros-openloco/work/OpenLoco/src/OpenLoco/include/OpenLoco/World/Industry.h:27:9: note:   'OpenLoco::IndustryFlags::none'
   27 |         none = 0U,
      |         ^~~~
In file included from ~/Work/AROS-dev/aros-openloco/work/OpenLoco/src/OpenLoco/include/OpenLoco/Ui/Window.h:14,
                 from ~/Work/AROS-dev/aros-openloco/work/OpenLoco/src/OpenLoco/include/OpenLoco/Ui/LastMapWindowAttributes.h:3,
                 from ~/Work/AROS-dev/aros-openloco/work/OpenLoco/src/OpenLoco/include/OpenLoco/GameState.h:10,
                 from ~/Work/AROS-dev/aros-openloco/work/OpenLoco/src/OpenLoco/src/World/CompanyAi/CompanyAi.cpp:32:
~/Work/AROS-dev/aros-openloco/work/OpenLoco/src/OpenLoco/include/OpenLoco/World/Company.h:38:9: note:   'OpenLoco::AiPlaystyleFlags::none'
   38 |         none = 0U,
      |         ^~~~
~/Work/AROS-dev/aros-openloco/work/OpenLoco/src/OpenLoco/include/OpenLoco/World/Company.h:21:9: note:   'OpenLoco::CompanyFlags::none'
   21 |         none = 0U,
      |         ^~~~
In file included from ~/Work/AROS-dev/aros-openloco/work/OpenLoco/src/OpenLoco/include/OpenLoco/GameState.h:7,
                 from ~/Work/AROS-dev/aros-openloco/work/OpenLoco/src/OpenLoco/src/World/CompanyAi/CompanyAi.cpp:32:
~/Work/AROS-dev/aros-openloco/work/OpenLoco/src/OpenLoco/include/OpenLoco/Message.h:74:9: note:   'OpenLoco::MessageTypeFlags::none'
   74 |         none = 0U,
      |         ^~~~
In file included from ~/Work/AROS-dev/aros-openloco/work/OpenLoco/src/OpenLoco/src/World/CompanyAi/CompanyAi.cpp:1:
~/Work/AROS-dev/aros-openloco/work/OpenLoco/src/OpenLoco/include/OpenLoco/World/CompanyAi/CompanyAi.h:97:9: note:   'OpenLoco::AiPurchaseFlags::none'
   97 |         none = 0,
      |         ^~~~
~/Work/AROS-dev/aros-openloco/work/OpenLoco/src/OpenLoco/include/OpenLoco/World/CompanyAi/CompanyAi.h:88:9: note:   'OpenLoco::AiThoughtStationFlags::none'
   88 |         none = 0U,
      |         ^~~~
In file included from /Volumes/arosmain/toolchain-mainline/lib/gcc/x86_64-aros/10.5.0/include/c++/filesystem:44,
                 from ~/Work/AROS-dev/aros-openloco/deps/mainline-v1/src/fmt/include/fmt/std.h:32,
                 from ~/Work/AROS-dev/aros-openloco/work/OpenLoco/src/Diagnostics/include/OpenLoco/Diagnostics/Logging.h:6,
                 from ~/Work/AROS-dev/aros-openloco/work/OpenLoco/src/OpenLoco/include/OpenLoco/Logging.h:3,
                 from ~/Work/AROS-dev/aros-openloco/work/OpenLoco/src/OpenLoco/src/World/CompanyAi/CompanyAi.cpp:33:
/Volumes/arosmain/toolchain-mainline/lib/gcc/x86_64-aros/10.5.0/include/c++/bits/fs_fwd.h:252:7: note:   'std::filesystem::directory_options::none'
  252 |       none = 0, follow_directory_symlink = 1, skip_permission_denied = 2
      |       ^~~~
/Volumes/arosmain/toolchain-mainline/lib/gcc/x86_64-aros/10.5.0/include/c++/bits/fs_fwd.h:135:7: note:   'std::filesystem::perms::none'
  135 |       none  =  0,
      |       ^~~~
/Volumes/arosmain/toolchain-mainline/lib/gcc/x86_64-aros/10.5.0/include/c++/bits/fs_fwd.h:82:7: note:   'std::filesystem::copy_options::none'
   82 |       none = 0,
      |       ^~~~
/Volumes/arosmain/toolchain-mainline/lib/gcc/x86_64-aros/10.5.0/include/c++/bits/fs_fwd.h:76:7: note:   'std::filesystem::file_type::none'
   76 |       none = 0, not_found = -1, regular = 1, directory = 2, symlink = 3,
      |       ^~~~
In file included from ~/Work/AROS-dev/aros-openloco/work/OpenLoco/src/OpenLoco/include/OpenLoco/Map/TileState.h:12,
                 from ~/Work/AROS-dev/aros-openloco/work/OpenLoco/src/OpenLoco/include/OpenLoco/GameState.h:5,
                 from ~/Work/AROS-dev/aros-openloco/work/OpenLoco/src/OpenLoco/src/World/CompanyAi/CompanyAi.cpp:32:
~/Work/AROS-dev/aros-openloco/work/OpenLoco/src/OpenLoco/include/OpenLoco/Map/WallElement.h:11:9: note:   'OpenLoco::World::EdgeSlope::none'
   11 |         none = 0U,
      |         ^~~~
In file included from ~/Work/AROS-dev/aros-openloco/work/OpenLoco/src/OpenLoco/src/World/CompanyAi/CompanyAi.cpp:66:
~/Work/AROS-dev/aros-openloco/work/OpenLoco/src/OpenLoco/include/OpenLoco/Vehicles/VehicleHead.h:28:9: note:   'OpenLoco::Vehicles::WaterMotionFlags::none'
   28 |         none = 0U,
      |         ^~~~
In file included from ~/Work/AROS-dev/aros-openloco/work/OpenLoco/src/OpenLoco/src/World/CompanyAi/CompanyAi.cpp:64:
~/Work/AROS-dev/aros-openloco/work/OpenLoco/src/OpenLoco/include/OpenLoco/Vehicles/Vehicle2.h:18:9: note:   'OpenLoco::Vehicles::Flags73::none'
   18 |         none = 0U,
      |         ^~~~
In file included from ~/Work/AROS-dev/aros-openloco/work/OpenLoco/src/OpenLoco/src/World/CompanyAi/CompanyAi.cpp:63:
~/Work/AROS-dev/aros-openloco/work/OpenLoco/src/OpenLoco/include/OpenLoco/Vehicles/Vehicle.h:240:9: note:   'OpenLoco::Vehicles::RoadOccupationFlags::none'
  240 |         none = 0U,
      |         ^~~~
In file included from ~/Work/AROS-dev/aros-openloco/work/OpenLoco/src/OpenLoco/src/World/CompanyAi/CompanyAi.cpp:63:
~/Work/AROS-dev/aros-openloco/work/OpenLoco/src/OpenLoco/include/OpenLoco/Vehicles/Vehicle.h:169:9: note:   'OpenLoco::Vehicles::SignalStateFlags::none'
  169 |         none = 0U,
      |         ^~~~
~/Work/AROS-dev/aros-openloco/work/OpenLoco/src/OpenLoco/include/OpenLoco/Vehicles/Vehicle.h:83:9: note:   'OpenLoco::Vehicles::VehicleFlags::none'
   83 |         none = 0U,
      |         ^~~~
~/Work/AROS-dev/aros-openloco/work/OpenLoco/src/OpenLoco/include/OpenLoco/Vehicles/Vehicle.h:69:9: note:   'OpenLoco::Vehicles::BreakdownFlags::none'
   69 |         none = 0U,
      |         ^~~~
~/Work/AROS-dev/aros-openloco/work/OpenLoco/src/OpenLoco/include/OpenLoco/Vehicles/Vehicle.h:46:9: note:   'OpenLoco::Vehicles::UpdateVar1136114Flags::none'
   46 |         none = 0U,
      |         ^~~~
~/Work/AROS-dev/aros-openloco/work/OpenLoco/src/OpenLoco/include/OpenLoco/Vehicles/Vehicle.h:38:9: note:   'OpenLoco::Vehicles::SoundFlags::none'
   38 |         none = 0U,
      |         ^~~~
~/Work/AROS-dev/aros-openloco/work/OpenLoco/src/OpenLoco/include/OpenLoco/Vehicles/Vehicle.h:26:9: note:   'OpenLoco::Vehicles::Flags38::none'
   26 |         none = 0U,
      |         ^~~~
In file included from ~/Work/AROS-dev/aros-openloco/work/OpenLoco/src/OpenLoco/src/World/CompanyAi/CompanyAi.cpp:62:
~/Work/AROS-dev/aros-openloco/work/OpenLoco/src/OpenLoco/include/OpenLoco/Vehicles/Orders.h:22:9: note:   'OpenLoco::Vehicles::OrderFlags::none'
   22 |         none = 0U,
      |         ^~~~
In file included from ~/Work/AROS-dev/aros-openloco/work/OpenLoco/src/OpenLoco/include/OpenLoco/GameCommands/Airports/CreateAirport.h:3,
                 from ~/Work/AROS-dev/aros-openloco/work/OpenLoco/src/OpenLoco/src/World/CompanyAi/CompanyAi.cpp:4:
~/Work/AROS-dev/aros-openloco/work/OpenLoco/src/OpenLoco/include/OpenLoco/GameCommands/GameCommands.h:40:9: note:   'OpenLoco::GameCommands::Flags::none'
   40 |         none = 0U,
      |         ^~~~
In file included from ~/Work/AROS-dev/aros-openloco/work/OpenLoco/src/OpenLoco/include/OpenLoco/GameState.h:9,
                 from ~/Work/AROS-dev/aros-openloco/work/OpenLoco/src/OpenLoco/src/World/CompanyAi/CompanyAi.cpp:32:
~/Work/AROS-dev/aros-openloco/work/OpenLoco/src/OpenLoco/include/OpenLoco/Scenario/ScenarioObjective.h:9:9: note:   'OpenLoco::Scenario::ObjectiveFlags::none'
    9 |         none = 0U,
      |         ^~~~
In file included from ~/Work/AROS-dev/aros-openloco/work/OpenLoco/src/OpenLoco/include/OpenLoco/Ui/Window.h:5,
                 from ~/Work/AROS-dev/aros-openloco/work/OpenLoco/src/OpenLoco/include/OpenLoco/Ui/LastMapWindowAttributes.h:3,
                 from ~/Work/AROS-dev/aros-openloco/work/OpenLoco/src/OpenLoco/include/OpenLoco/GameState.h:10,
                 from ~/Work/AROS-dev/aros-openloco/work/OpenLoco/src/OpenLoco/src/World/CompanyAi/CompanyAi.cpp:32:
~/Work/AROS-dev/aros-openloco/work/OpenLoco/src/OpenLoco/include/OpenLoco/Graphics/Gfx.h:51:9: note:   'OpenLoco::Gfx::G1ElementFlags::none'
   51 |         none = 0U,
      |         ^~~~
In file included from ~/Work/AROS-dev/aros-openloco/work/OpenLoco/src/OpenLoco/include/OpenLoco/Ui/LastMapWindowAttributes.h:3,
                 from ~/Work/AROS-dev/aros-openloco/work/OpenLoco/src/OpenLoco/include/OpenLoco/GameState.h:10,
                 from ~/Work/AROS-dev/aros-openloco/work/OpenLoco/src/OpenLoco/src/World/CompanyAi/CompanyAi.cpp:32:
~/Work/AROS-dev/aros-openloco/work/OpenLoco/src/OpenLoco/include/OpenLoco/Ui/Window.h:42:9: note:   'OpenLoco::Ui::WindowFlags::none'
   42 |         none = 0U,
      |         ^~~~
In file included from ~/Work/AROS-dev/aros-openloco/work/OpenLoco/src/OpenLoco/include/OpenLoco/Ui/Window.h:13,
                 from ~/Work/AROS-dev/aros-openloco/work/OpenLoco/src/OpenLoco/include/OpenLoco/Ui/LastMapWindowAttributes.h:3,
                 from ~/Work/AROS-dev/aros-openloco/work/OpenLoco/src/OpenLoco/include/OpenLoco/GameState.h:10,
                 from ~/Work/AROS-dev/aros-openloco/work/OpenLoco/src/OpenLoco/src/World/CompanyAi/CompanyAi.cpp:32:
~/Work/AROS-dev/aros-openloco/work/OpenLoco/src/OpenLoco/include/OpenLoco/Viewport.hpp:51:9: note:   'OpenLoco::Ui::ViewportFlags::none'
   51 |         none = 0U,
      |         ^~~~
In file included from ~/Work/AROS-dev/aros-openloco/work/OpenLoco/src/OpenLoco/include/OpenLoco/Ui/Window.h:10,
                 from ~/Work/AROS-dev/aros-openloco/work/OpenLoco/src/OpenLoco/include/OpenLoco/Ui/LastMapWindowAttributes.h:3,
                 from ~/Work/AROS-dev/aros-openloco/work/OpenLoco/src/OpenLoco/include/OpenLoco/GameState.h:10,
                 from ~/Work/AROS-dev/aros-openloco/work/OpenLoco/src/OpenLoco/src/World/CompanyAi/CompanyAi.cpp:32:
~/Work/AROS-dev/aros-openloco/work/OpenLoco/src/OpenLoco/include/OpenLoco/Ui/ScrollFlags.hpp:34:9: note:   'OpenLoco::Ui::ScrollFlags::none'
   34 |         none = 0U,
      |         ^~~~
~/Work/AROS-dev/aros-openloco/work/OpenLoco/src/OpenLoco/include/OpenLoco/Ui/ScrollFlags.hpp:10:9: note:   'OpenLoco::Ui::ScrollPart::none'
   10 |         none = -1,
      |         ^~~~
In file included from ~/Work/AROS-dev/aros-openloco/work/OpenLoco/src/OpenLoco/include/OpenLoco/GameState.h:14,
                 from ~/Work/AROS-dev/aros-openloco/work/OpenLoco/src/OpenLoco/src/World/CompanyAi/CompanyAi.cpp:32:
~/Work/AROS-dev/aros-openloco/work/OpenLoco/src/OpenLoco/include/OpenLoco/World/IndustryManager.h:15:9: note:   'OpenLoco::IndustryManager::Flags::none'
   15 |         none = 0U,
      |         ^~~~
In file included from ~/Work/AROS-dev/aros-openloco/work/OpenLoco/src/OpenLoco/src/World/CompanyAi/CompanyAi.cpp:39:
~/Work/AROS-dev/aros-openloco/work/OpenLoco/src/OpenLoco/include/OpenLoco/Map/TileManager.h:38:9: note:   'OpenLoco::World::TileManager::ElementPositionFlags::none'
   38 |         none = 0U,
      |         ^~~~
In file included from ~/Work/AROS-dev/aros-openloco/work/OpenLoco/src/OpenLoco/include/OpenLoco/Objects/BridgeObject.h:3,
                 from ~/Work/AROS-dev/aros-openloco/work/OpenLoco/src/OpenLoco/src/World/CompanyAi/CompanyAi.cpp:46:
~/Work/AROS-dev/aros-openloco/work/OpenLoco/src/OpenLoco/include/OpenLoco/Map/Track/TrackEnum.h:76:9: note:   'OpenLoco::World::Track::CommonTraitFlags::none'
   76 |         none = 0U,
      |         ^~~~
~/Work/AROS-dev/aros-openloco/work/OpenLoco/src/OpenLoco/include/OpenLoco/Map/Track/TrackEnum.h:112:9: note:   'OpenLoco::World::Track::RoadTraitFlags::none'
  112 |         none = 0U,
      |         ^~~~
~/Work/AROS-dev/aros-openloco/work/OpenLoco/src/OpenLoco/include/OpenLoco/Map/Track/TrackEnum.h:95:9: note:   'OpenLoco::World::Track::TrackTraitFlags::none'
   95 |         none = 0U,
      |         ^~~~
In file included from ~/Work/AROS-dev/aros-openloco/work/OpenLoco/src/OpenLoco/src/World/CompanyAi/CompanyAi.cpp:41:
~/Work/AROS-dev/aros-openloco/work/OpenLoco/src/OpenLoco/include/OpenLoco/Map/Track/TrackData.h:25:9: note:   'OpenLoco::World::TrackData::PreviewTrackFlags::none'
   25 |         none = 0U,
      |         ^~~~
In file included from ~/Work/AROS-dev/aros-openloco/work/OpenLoco/src/OpenLoco/include/OpenLoco/Ui/Window.h:10,
                 from ~/Work/AROS-dev/aros-openloco/work/OpenLoco/src/OpenLoco/include/OpenLoco/Ui/LastMapWindowAttributes.h:3,
                 from ~/Work/AROS-dev/aros-openloco/work/OpenLoco/src/OpenLoco/include/OpenLoco/GameState.h:10,
                 from ~/Work/AROS-dev/aros-openloco/work/OpenLoco/src/OpenLoco/src/World/CompanyAi/CompanyAi.cpp:32:
~/Work/AROS-dev/aros-openloco/work/OpenLoco/src/OpenLoco/include/OpenLoco/Ui/ScrollFlags.hpp:26:27: note:   'OpenLoco::Ui::Scrollbars::none'
   26 |         constexpr uint8_t none = 0;
      |                           ^~~~
~/Work/AROS-dev/aros-openloco/work/OpenLoco/src/OpenLoco/src/World/CompanyAi/CompanyAi.cpp:6898:35: error: 'malformed' was not declared in this scope; did you mean 'OpenLoco::TrackRoadRemoveQueryFlags::malformed'?
 6898 |                 if ((roadFlags & (malformed | hasStation)) != none)
      |                                   ^~~~~~~~~
      |                                   OpenLoco::TrackRoadRemoveQueryFlags::malformed
~/Work/AROS-dev/aros-openloco/work/OpenLoco/src/OpenLoco/src/World/CompanyAi/CompanyAi.cpp:6477:9: note: 'OpenLoco::TrackRoadRemoveQueryFlags::malformed' declared here
 6477 |         malformed = 1U << 1,
      |         ^~~~~~~~~
~/Work/AROS-dev/aros-openloco/work/OpenLoco/src/OpenLoco/src/World/CompanyAi/CompanyAi.cpp:6898:47: error: 'hasStation' was not declared in this scope
 6898 |                 if ((roadFlags & (malformed | hasStation)) != none)
      |                                               ^~~~~~~~~~
~/Work/AROS-dev/aros-openloco/work/OpenLoco/src/OpenLoco/src/World/CompanyAi/CompanyAi.cpp:6898:47: note: suggested alternatives:
~/Work/AROS-dev/aros-openloco/work/OpenLoco/src/OpenLoco/src/World/CompanyAi/CompanyAi.cpp:6478:9: note:   'OpenLoco::TrackRoadRemoveQueryFlags::hasStation'
 6478 |         hasStation = 1U << 2,
      |         ^~~~~~~~~~
In file included from ~/Work/AROS-dev/aros-openloco/work/OpenLoco/src/OpenLoco/src/World/CompanyAi/CompanyAi.cpp:63:
~/Work/AROS-dev/aros-openloco/work/OpenLoco/src/OpenLoco/include/OpenLoco/Vehicles/Vehicle.h:244:9: note:   'OpenLoco::Vehicles::RoadOccupationFlags::hasStation'
  244 |         hasStation = 1U << 3,
      |         ^~~~~~~~~~
~/Work/AROS-dev/aros-openloco/work/OpenLoco/src/OpenLoco/src/World/CompanyAi/CompanyAi.cpp:6898:63: error: 'none' was not declared in this scope
 6898 |                 if ((roadFlags & (malformed | hasStation)) != none)
      |                                                               ^~~~
~/Work/AROS-dev/aros-openloco/work/OpenLoco/src/OpenLoco/src/World/CompanyAi/CompanyAi.cpp:6898:63: note: suggested alternatives:
~/Work/AROS-dev/aros-openloco/work/OpenLoco/src/OpenLoco/src/World/CompanyAi/CompanyAi.cpp:6473:9: note:   'OpenLoco::TrackRoadRemoveQueryFlags::none'
 6473 |         none = 0,
      |         ^~~~
~/Work/AROS-dev/aros-openloco/work/OpenLoco/src/OpenLoco/src/World/CompanyAi/CompanyAi.cpp:100:9: note:   'OpenLoco::ThoughtTypeFlags::none'
  100 |         none = 0U,
      |         ^~~~
In file included from ~/Work/AROS-dev/aros-openloco/work/OpenLoco/src/OpenLoco/include/OpenLoco/Vehicles/Vehicle.h:5,
                 from ~/Work/AROS-dev/aros-openloco/work/OpenLoco/src/OpenLoco/src/World/CompanyAi/CompanyAi.cpp:63:
~/Work/AROS-dev/aros-openloco/work/OpenLoco/src/OpenLoco/include/OpenLoco/Objects/VehicleObject.h:219:9: note:   'OpenLoco::DrivingSoundType::none'
  219 |         none,
      |         ^~~~
~/Work/AROS-dev/aros-openloco/work/OpenLoco/src/OpenLoco/include/OpenLoco/Objects/VehicleObject.h:191:9: note:   'OpenLoco::VehicleObjectFlags::none'
  191 |         none = 0U,
      |         ^~~~
~/Work/AROS-dev/aros-openloco/work/OpenLoco/src/OpenLoco/include/OpenLoco/Objects/VehicleObject.h:150:9: note:   'OpenLoco::BodySpriteFlags::none'
  150 |         none = 0U,
      |         ^~~~
In file included from ~/Work/AROS-dev/aros-openloco/work/OpenLoco/src/OpenLoco/include/OpenLoco/Vehicles/Vehicle.h:5,
                 from ~/Work/AROS-dev/aros-openloco/work/OpenLoco/src/OpenLoco/src/World/CompanyAi/CompanyAi.cpp:63:
~/Work/AROS-dev/aros-openloco/work/OpenLoco/src/OpenLoco/include/OpenLoco/Objects/VehicleObject.h:120:9: note:   'OpenLoco::BogieSpriteFlags::none'
  120 |         none = 0U,
      |         ^~~~
~/Work/AROS-dev/aros-openloco/work/OpenLoco/src/OpenLoco/include/OpenLoco/Objects/VehicleObject.h:30:9: note:   'OpenLoco::EmitterAnimationType::none'
   30 |         none = 0,
      |         ^~~~
In file included from ~/Work/AROS-dev/aros-openloco/work/OpenLoco/src/OpenLoco/src/World/CompanyAi/CompanyAi.cpp:60:
~/Work/AROS-dev/aros-openloco/work/OpenLoco/src/OpenLoco/include/OpenLoco/Objects/TreeObject.h:22:9: note:   'OpenLoco::TreeObjectFlags::none'
   22 |         none = 0U,
      |         ^~~~
In file included from ~/Work/AROS-dev/aros-openloco/work/OpenLoco/src/OpenLoco/src/World/CompanyAi/CompanyAi.cpp:59:
~/Work/AROS-dev/aros-openloco/work/OpenLoco/src/OpenLoco/include/OpenLoco/Objects/TrainStationObject.h:26:9: note:   'OpenLoco::TrainStationFlags::none'
   26 |         none = 0U,
      |         ^~~~
In file included from ~/Work/AROS-dev/aros-openloco/work/OpenLoco/src/OpenLoco/src/World/CompanyAi/CompanyAi.cpp:58:
~/Work/AROS-dev/aros-openloco/work/OpenLoco/src/OpenLoco/include/OpenLoco/Objects/TrainSignalObject.h:22:9: note:   'OpenLoco::TrainSignalObjectFlags::none'
   22 |         none = 0U,
      |         ^~~~
In file included from ~/Work/AROS-dev/aros-openloco/work/OpenLoco/src/OpenLoco/src/World/CompanyAi/CompanyAi.cpp:57:
~/Work/AROS-dev/aros-openloco/work/OpenLoco/src/OpenLoco/include/OpenLoco/Objects/TrackObject.h:23:9: note:   'OpenLoco::TrackObjectFlags::none'
   23 |         none = 0U,
      |         ^~~~
In file included from ~/Work/AROS-dev/aros-openloco/work/OpenLoco/src/OpenLoco/src/World/CompanyAi/CompanyAi.cpp:55:
~/Work/AROS-dev/aros-openloco/work/OpenLoco/src/OpenLoco/include/OpenLoco/Objects/RoadStationObject.h:25:9: note:   'OpenLoco::RoadStationFlags::none'
   25 |         none = 0U,
      |         ^~~~
In file included from ~/Work/AROS-dev/aros-openloco/work/OpenLoco/src/OpenLoco/src/World/CompanyAi/CompanyAi.cpp:54:
~/Work/AROS-dev/aros-openloco/work/OpenLoco/src/OpenLoco/include/OpenLoco/Objects/RoadObject.h:26:9: note:   'OpenLoco::RoadObjectFlags::none'
   26 |         none = 0U,
      |         ^~~~
In file included from ~/Work/AROS-dev/aros-openloco/work/OpenLoco/src/OpenLoco/src/World/CompanyAi/CompanyAi.cpp:50:
~/Work/AROS-dev/aros-openloco/work/OpenLoco/src/OpenLoco/include/OpenLoco/Objects/DockObject.h:23:9: note:   'OpenLoco::DockObjectFlags::none'
   23 |         none = 0,
      |         ^~~~
In file included from ~/Work/AROS-dev/aros-openloco/work/OpenLoco/src/OpenLoco/src/World/CompanyAi/CompanyAi.cpp:48:
~/Work/AROS-dev/aros-openloco/work/OpenLoco/src/OpenLoco/include/OpenLoco/Objects/CargoObject.h:17:9: note:   'OpenLoco::CargoObjectFlags::none'
   17 |         none = 0U,
      |         ^~~~
In file included from ~/Work/AROS-dev/aros-openloco/work/OpenLoco/src/OpenLoco/src/World/CompanyAi/CompanyAi.cpp:47:
~/Work/AROS-dev/aros-openloco/work/OpenLoco/src/OpenLoco/include/OpenLoco/Objects/BuildingObject.h:42:9: note:   'OpenLoco::TownAmenityCategory::none'
   42 |         none = 0xFFU,  // Most buildings will have this category
      |         ^~~~
~/Work/AROS-dev/aros-openloco/work/OpenLoco/src/OpenLoco/include/OpenLoco/Objects/BuildingObject.h:23:9: note:   'OpenLoco::BuildingObjectFlags::none'
   23 |         none = 0U,
      |         ^~~~
In file included from ~/Work/AROS-dev/aros-openloco/work/OpenLoco/src/OpenLoco/src/World/CompanyAi/CompanyAi.cpp:46:
~/Work/AROS-dev/aros-openloco/work/OpenLoco/src/OpenLoco/include/OpenLoco/Objects/BridgeObject.h:24:9: note:   'OpenLoco::BridgeObjectFlags::none'
   24 |         none = 0U,
      |         ^~~~
In file included from ~/Work/AROS-dev/aros-openloco/work/OpenLoco/src/OpenLoco/src/World/CompanyAi/CompanyAi.cpp:45:
~/Work/AROS-dev/aros-openloco/work/OpenLoco/src/OpenLoco/include/OpenLoco/Objects/AirportObject.h:39:9: note:   'OpenLoco::AirportObjectFlags::none'
   39 |         none = 0,
      |         ^~~~
~/Work/AROS-dev/aros-openloco/work/OpenLoco/src/OpenLoco/include/OpenLoco/Objects/AirportObject.h:24:9: note:   'OpenLoco::AirportMovementNodeFlags::none'
   24 |         none = 0U,
      |         ^~~~
In file included from ~/Work/AROS-dev/aros-openloco/work/OpenLoco/src/OpenLoco/include/OpenLoco/GameState.h:16,
                 from ~/Work/AROS-dev/aros-openloco/work/OpenLoco/src/OpenLoco/src/World/CompanyAi/CompanyAi.cpp:32:
~/Work/AROS-dev/aros-openloco/work/OpenLoco/src/OpenLoco/include/OpenLoco/World/Town.h:26:9: note:   'OpenLoco::TownGrowFlags::none'
   26 |         none = 0U,
      |         ^~~~
~/Work/AROS-dev/aros-openloco/work/OpenLoco/src/OpenLoco/include/OpenLoco/World/Town.h:18:9: note:   'OpenLoco::TownFlags::none'
   18 |         none = 0U,
      |         ^~~~
In file included from ~/Work/AROS-dev/aros-openloco/work/OpenLoco/src/OpenLoco/include/OpenLoco/GameState.h:15,
                 from ~/Work/AROS-dev/aros-openloco/work/OpenLoco/src/OpenLoco/src/World/CompanyAi/CompanyAi.cpp:32:
~/Work/AROS-dev/aros-openloco/work/OpenLoco/src/OpenLoco/include/OpenLoco/World/Station.h:80:9: note:   'OpenLoco::StationFlags::none'
   80 |         none = 0U,
      |         ^~~~
~/Work/AROS-dev/aros-openloco/work/OpenLoco/src/OpenLoco/include/OpenLoco/World/Station.h:28:9: note:   'OpenLoco::StationCargoStatsFlags::none'
   28 |         none = 0U,
      |         ^~~~
In file included from ~/Work/AROS-dev/aros-openloco/work/OpenLoco/src/OpenLoco/include/OpenLoco/World/IndustryManager.h:7,
                 from ~/Work/AROS-dev/aros-openloco/work/OpenLoco/src/OpenLoco/include/OpenLoco/GameState.h:14,
                 from ~/Work/AROS-dev/aros-openloco/work/OpenLoco/src/OpenLoco/src/World/CompanyAi/CompanyAi.cpp:32:
~/Work/AROS-dev/aros-openloco/work/OpenLoco/src/OpenLoco/include/OpenLoco/Objects/IndustryObject.h:22:9: note:   'OpenLoco::IndustryObjectFlags::none'
   22 |         none = 0U,
      |         ^~~~
In file included from ~/Work/AROS-dev/aros-openloco/work/OpenLoco/src/OpenLoco/include/OpenLoco/GameState.h:13,
                 from ~/Work/AROS-dev/aros-openloco/work/OpenLoco/src/OpenLoco/src/World/CompanyAi/CompanyAi.cpp:32:
~/Work/AROS-dev/aros-openloco/work/OpenLoco/src/OpenLoco/include/OpenLoco/World/Industry.h:27:9: note:   'OpenLoco::IndustryFlags::none'
   27 |         none = 0U,
      |         ^~~~
In file included from ~/Work/AROS-dev/aros-openloco/work/OpenLoco/src/OpenLoco/include/OpenLoco/Ui/Window.h:14,
                 from ~/Work/AROS-dev/aros-openloco/work/OpenLoco/src/OpenLoco/include/OpenLoco/Ui/LastMapWindowAttributes.h:3,
                 from ~/Work/AROS-dev/aros-openloco/work/OpenLoco/src/OpenLoco/include/OpenLoco/GameState.h:10,
                 from ~/Work/AROS-dev/aros-openloco/work/OpenLoco/src/OpenLoco/src/World/CompanyAi/CompanyAi.cpp:32:
~/Work/AROS-dev/aros-openloco/work/OpenLoco/src/OpenLoco/include/OpenLoco/World/Company.h:38:9: note:   'OpenLoco::AiPlaystyleFlags::none'
   38 |         none = 0U,
      |         ^~~~
~/Work/AROS-dev/aros-openloco/work/OpenLoco/src/OpenLoco/include/OpenLoco/World/Company.h:21:9: note:   'OpenLoco::CompanyFlags::none'
   21 |         none = 0U,
      |         ^~~~
In file included from ~/Work/AROS-dev/aros-openloco/work/OpenLoco/src/OpenLoco/include/OpenLoco/GameState.h:7,
                 from ~/Work/AROS-dev/aros-openloco/work/OpenLoco/src/OpenLoco/src/World/CompanyAi/CompanyAi.cpp:32:
~/Work/AROS-dev/aros-openloco/work/OpenLoco/src/OpenLoco/include/OpenLoco/Message.h:74:9: note:   'OpenLoco::MessageTypeFlags::none'
   74 |         none = 0U,
      |         ^~~~
In file included from ~/Work/AROS-dev/aros-openloco/work/OpenLoco/src/OpenLoco/src/World/CompanyAi/CompanyAi.cpp:1:
~/Work/AROS-dev/aros-openloco/work/OpenLoco/src/OpenLoco/include/OpenLoco/World/CompanyAi/CompanyAi.h:97:9: note:   'OpenLoco::AiPurchaseFlags::none'
   97 |         none = 0,
      |         ^~~~
~/Work/AROS-dev/aros-openloco/work/OpenLoco/src/OpenLoco/include/OpenLoco/World/CompanyAi/CompanyAi.h:88:9: note:   'OpenLoco::AiThoughtStationFlags::none'
   88 |         none = 0U,
      |         ^~~~
In file included from /Volumes/arosmain/toolchain-mainline/lib/gcc/x86_64-aros/10.5.0/include/c++/filesystem:44,
                 from ~/Work/AROS-dev/aros-openloco/deps/mainline-v1/src/fmt/include/fmt/std.h:32,
                 from ~/Work/AROS-dev/aros-openloco/work/OpenLoco/src/Diagnostics/include/OpenLoco/Diagnostics/Logging.h:6,
                 from ~/Work/AROS-dev/aros-openloco/work/OpenLoco/src/OpenLoco/include/OpenLoco/Logging.h:3,
                 from ~/Work/AROS-dev/aros-openloco/work/OpenLoco/src/OpenLoco/src/World/CompanyAi/CompanyAi.cpp:33:
/Volumes/arosmain/toolchain-mainline/lib/gcc/x86_64-aros/10.5.0/include/c++/bits/fs_fwd.h:252:7: note:   'std::filesystem::directory_options::none'
  252 |       none = 0, follow_directory_symlink = 1, skip_permission_denied = 2
      |       ^~~~
/Volumes/arosmain/toolchain-mainline/lib/gcc/x86_64-aros/10.5.0/include/c++/bits/fs_fwd.h:135:7: note:   'std::filesystem::perms::none'
  135 |       none  =  0,
      |       ^~~~
/Volumes/arosmain/toolchain-mainline/lib/gcc/x86_64-aros/10.5.0/include/c++/bits/fs_fwd.h:82:7: note:   'std::filesystem::copy_options::none'
   82 |       none = 0,
      |       ^~~~
/Volumes/arosmain/toolchain-mainline/lib/gcc/x86_64-aros/10.5.0/include/c++/bits/fs_fwd.h:76:7: note:   'std::filesystem::file_type::none'
   76 |       none = 0, not_found = -1, regular = 1, directory = 2, symlink = 3,
      |       ^~~~
In file included from ~/Work/AROS-dev/aros-openloco/work/OpenLoco/src/OpenLoco/include/OpenLoco/Map/TileState.h:12,
                 from ~/Work/AROS-dev/aros-openloco/work/OpenLoco/src/OpenLoco/include/OpenLoco/GameState.h:5,
                 from ~/Work/AROS-dev/aros-openloco/work/OpenLoco/src/OpenLoco/src/World/CompanyAi/CompanyAi.cpp:32:
~/Work/AROS-dev/aros-openloco/work/OpenLoco/src/OpenLoco/include/OpenLoco/Map/WallElement.h:11:9: note:   'OpenLoco::World::EdgeSlope::none'
   11 |         none = 0U,
      |         ^~~~
In file included from ~/Work/AROS-dev/aros-openloco/work/OpenLoco/src/OpenLoco/src/World/CompanyAi/CompanyAi.cpp:66:
~/Work/AROS-dev/aros-openloco/work/OpenLoco/src/OpenLoco/include/OpenLoco/Vehicles/VehicleHead.h:28:9: note:   'OpenLoco::Vehicles::WaterMotionFlags::none'
   28 |         none = 0U,
      |         ^~~~
In file included from ~/Work/AROS-dev/aros-openloco/work/OpenLoco/src/OpenLoco/src/World/CompanyAi/CompanyAi.cpp:64:
~/Work/AROS-dev/aros-openloco/work/OpenLoco/src/OpenLoco/include/OpenLoco/Vehicles/Vehicle2.h:18:9: note:   'OpenLoco::Vehicles::Flags73::none'
   18 |         none = 0U,
      |         ^~~~
In file included from ~/Work/AROS-dev/aros-openloco/work/OpenLoco/src/OpenLoco/src/World/CompanyAi/CompanyAi.cpp:63:
~/Work/AROS-dev/aros-openloco/work/OpenLoco/src/OpenLoco/include/OpenLoco/Vehicles/Vehicle.h:240:9: note:   'OpenLoco::Vehicles::RoadOccupationFlags::none'
  240 |         none = 0U,
      |         ^~~~
In file included from ~/Work/AROS-dev/aros-openloco/work/OpenLoco/src/OpenLoco/src/World/CompanyAi/CompanyAi.cpp:63:
~/Work/AROS-dev/aros-openloco/work/OpenLoco/src/OpenLoco/include/OpenLoco/Vehicles/Vehicle.h:169:9: note:   'OpenLoco::Vehicles::SignalStateFlags::none'
  169 |         none = 0U,
      |         ^~~~
~/Work/AROS-dev/aros-openloco/work/OpenLoco/src/OpenLoco/include/OpenLoco/Vehicles/Vehicle.h:83:9: note:   'OpenLoco::Vehicles::VehicleFlags::none'
   83 |         none = 0U,
      |         ^~~~
~/Work/AROS-dev/aros-openloco/work/OpenLoco/src/OpenLoco/include/OpenLoco/Vehicles/Vehicle.h:69:9: note:   'OpenLoco::Vehicles::BreakdownFlags::none'
   69 |         none = 0U,
      |         ^~~~
~/Work/AROS-dev/aros-openloco/work/OpenLoco/src/OpenLoco/include/OpenLoco/Vehicles/Vehicle.h:46:9: note:   'OpenLoco::Vehicles::UpdateVar1136114Flags::none'
   46 |         none = 0U,
      |         ^~~~
~/Work/AROS-dev/aros-openloco/work/OpenLoco/src/OpenLoco/include/OpenLoco/Vehicles/Vehicle.h:38:9: note:   'OpenLoco::Vehicles::SoundFlags::none'
   38 |         none = 0U,
      |         ^~~~
~/Work/AROS-dev/aros-openloco/work/OpenLoco/src/OpenLoco/include/OpenLoco/Vehicles/Vehicle.h:26:9: note:   'OpenLoco::Vehicles::Flags38::none'
   26 |         none = 0U,
      |         ^~~~
In file included from ~/Work/AROS-dev/aros-openloco/work/OpenLoco/src/OpenLoco/src/World/CompanyAi/CompanyAi.cpp:62:
~/Work/AROS-dev/aros-openloco/work/OpenLoco/src/OpenLoco/include/OpenLoco/Vehicles/Orders.h:22:9: note:   'OpenLoco::Vehicles::OrderFlags::none'
   22 |         none = 0U,
      |         ^~~~
In file included from ~/Work/AROS-dev/aros-openloco/work/OpenLoco/src/OpenLoco/include/OpenLoco/GameCommands/Airports/CreateAirport.h:3,
                 from ~/Work/AROS-dev/aros-openloco/work/OpenLoco/src/OpenLoco/src/World/CompanyAi/CompanyAi.cpp:4:
~/Work/AROS-dev/aros-openloco/work/OpenLoco/src/OpenLoco/include/OpenLoco/GameCommands/GameCommands.h:40:9: note:   'OpenLoco::GameCommands::Flags::none'
   40 |         none = 0U,
      |         ^~~~
In file included from ~/Work/AROS-dev/aros-openloco/work/OpenLoco/src/OpenLoco/include/OpenLoco/GameState.h:9,
                 from ~/Work/AROS-dev/aros-openloco/work/OpenLoco/src/OpenLoco/src/World/CompanyAi/CompanyAi.cpp:32:
~/Work/AROS-dev/aros-openloco/work/OpenLoco/src/OpenLoco/include/OpenLoco/Scenario/ScenarioObjective.h:9:9: note:   'OpenLoco::Scenario::ObjectiveFlags::none'
    9 |         none = 0U,
      |         ^~~~
In file included from ~/Work/AROS-dev/aros-openloco/work/OpenLoco/src/OpenLoco/include/OpenLoco/Ui/Window.h:5,
                 from ~/Work/AROS-dev/aros-openloco/work/OpenLoco/src/OpenLoco/include/OpenLoco/Ui/LastMapWindowAttributes.h:3,
                 from ~/Work/AROS-dev/aros-openloco/work/OpenLoco/src/OpenLoco/include/OpenLoco/GameState.h:10,
                 from ~/Work/AROS-dev/aros-openloco/work/OpenLoco/src/OpenLoco/src/World/CompanyAi/CompanyAi.cpp:32:
~/Work/AROS-dev/aros-openloco/work/OpenLoco/src/OpenLoco/include/OpenLoco/Graphics/Gfx.h:51:9: note:   'OpenLoco::Gfx::G1ElementFlags::none'
   51 |         none = 0U,
      |         ^~~~
In file included from ~/Work/AROS-dev/aros-openloco/work/OpenLoco/src/OpenLoco/include/OpenLoco/Ui/LastMapWindowAttributes.h:3,
                 from ~/Work/AROS-dev/aros-openloco/work/OpenLoco/src/OpenLoco/include/OpenLoco/GameState.h:10,
                 from ~/Work/AROS-dev/aros-openloco/work/OpenLoco/src/OpenLoco/src/World/CompanyAi/CompanyAi.cpp:32:
~/Work/AROS-dev/aros-openloco/work/OpenLoco/src/OpenLoco/include/OpenLoco/Ui/Window.h:42:9: note:   'OpenLoco::Ui::WindowFlags::none'
   42 |         none = 0U,
      |         ^~~~
In file included from ~/Work/AROS-dev/aros-openloco/work/OpenLoco/src/OpenLoco/include/OpenLoco/Ui/Window.h:13,
                 from ~/Work/AROS-dev/aros-openloco/work/OpenLoco/src/OpenLoco/include/OpenLoco/Ui/LastMapWindowAttributes.h:3,
                 from ~/Work/AROS-dev/aros-openloco/work/OpenLoco/src/OpenLoco/include/OpenLoco/GameState.h:10,
                 from ~/Work/AROS-dev/aros-openloco/work/OpenLoco/src/OpenLoco/src/World/CompanyAi/CompanyAi.cpp:32:
~/Work/AROS-dev/aros-openloco/work/OpenLoco/src/OpenLoco/include/OpenLoco/Viewport.hpp:51:9: note:   'OpenLoco::Ui::ViewportFlags::none'
   51 |         none = 0U,
      |         ^~~~
In file included from ~/Work/AROS-dev/aros-openloco/work/OpenLoco/src/OpenLoco/include/OpenLoco/Ui/Window.h:10,
                 from ~/Work/AROS-dev/aros-openloco/work/OpenLoco/src/OpenLoco/include/OpenLoco/Ui/LastMapWindowAttributes.h:3,
                 from ~/Work/AROS-dev/aros-openloco/work/OpenLoco/src/OpenLoco/include/OpenLoco/GameState.h:10,
                 from ~/Work/AROS-dev/aros-openloco/work/OpenLoco/src/OpenLoco/src/World/CompanyAi/CompanyAi.cpp:32:
~/Work/AROS-dev/aros-openloco/work/OpenLoco/src/OpenLoco/include/OpenLoco/Ui/ScrollFlags.hpp:34:9: note:   'OpenLoco::Ui::ScrollFlags::none'
   34 |         none = 0U,
      |         ^~~~
~/Work/AROS-dev/aros-openloco/work/OpenLoco/src/OpenLoco/include/OpenLoco/Ui/ScrollFlags.hpp:10:9: note:   'OpenLoco::Ui::ScrollPart::none'
   10 |         none = -1,
      |         ^~~~
In file included from ~/Work/AROS-dev/aros-openloco/work/OpenLoco/src/OpenLoco/include/OpenLoco/GameState.h:14,
                 from ~/Work/AROS-dev/aros-openloco/work/OpenLoco/src/OpenLoco/src/World/CompanyAi/CompanyAi.cpp:32:
~/Work/AROS-dev/aros-openloco/work/OpenLoco/src/OpenLoco/include/OpenLoco/World/IndustryManager.h:15:9: note:   'OpenLoco::IndustryManager::Flags::none'
   15 |         none = 0U,
      |         ^~~~
In file included from ~/Work/AROS-dev/aros-openloco/work/OpenLoco/src/OpenLoco/src/World/CompanyAi/CompanyAi.cpp:39:
~/Work/AROS-dev/aros-openloco/work/OpenLoco/src/OpenLoco/include/OpenLoco/Map/TileManager.h:38:9: note:   'OpenLoco::World::TileManager::ElementPositionFlags::none'
   38 |         none = 0U,
      |         ^~~~
In file included from ~/Work/AROS-dev/aros-openloco/work/OpenLoco/src/OpenLoco/include/OpenLoco/Objects/BridgeObject.h:3,
                 from ~/Work/AROS-dev/aros-openloco/work/OpenLoco/src/OpenLoco/src/World/CompanyAi/CompanyAi.cpp:46:
~/Work/AROS-dev/aros-openloco/work/OpenLoco/src/OpenLoco/include/OpenLoco/Map/Track/TrackEnum.h:76:9: note:   'OpenLoco::World::Track::CommonTraitFlags::none'
   76 |         none = 0U,
      |         ^~~~
~/Work/AROS-dev/aros-openloco/work/OpenLoco/src/OpenLoco/include/OpenLoco/Map/Track/TrackEnum.h:112:9: note:   'OpenLoco::World::Track::RoadTraitFlags::none'
  112 |         none = 0U,
      |         ^~~~
~/Work/AROS-dev/aros-openloco/work/OpenLoco/src/OpenLoco/include/OpenLoco/Map/Track/TrackEnum.h:95:9: note:   'OpenLoco::World::Track::TrackTraitFlags::none'
   95 |         none = 0U,
      |         ^~~~
In file included from ~/Work/AROS-dev/aros-openloco/work/OpenLoco/src/OpenLoco/src/World/CompanyAi/CompanyAi.cpp:41:
~/Work/AROS-dev/aros-openloco/work/OpenLoco/src/OpenLoco/include/OpenLoco/Map/Track/TrackData.h:25:9: note:   'OpenLoco::World::TrackData::PreviewTrackFlags::none'
   25 |         none = 0U,
      |         ^~~~
In file included from ~/Work/AROS-dev/aros-openloco/work/OpenLoco/src/OpenLoco/include/OpenLoco/Ui/Window.h:10,
                 from ~/Work/AROS-dev/aros-openloco/work/OpenLoco/src/OpenLoco/include/OpenLoco/Ui/LastMapWindowAttributes.h:3,
                 from ~/Work/AROS-dev/aros-openloco/work/OpenLoco/src/OpenLoco/include/OpenLoco/GameState.h:10,
                 from ~/Work/AROS-dev/aros-openloco/work/OpenLoco/src/OpenLoco/src/World/CompanyAi/CompanyAi.cpp:32:
~/Work/AROS-dev/aros-openloco/work/OpenLoco/src/OpenLoco/include/OpenLoco/Ui/ScrollFlags.hpp:26:27: note:   'OpenLoco::Ui::Scrollbars::none'
   26 |         constexpr uint8_t none = 0;
      |                           ^~~~
~/Work/AROS-dev/aros-openloco/work/OpenLoco/src/OpenLoco/src/World/CompanyAi/CompanyAi.cpp:6979:44: error: 'malformed' was not declared in this scope; did you mean 'OpenLoco::TrackRoadRemoveQueryFlags::malformed'?
 6979 |                         if ((trackFlags & (malformed | hasStation)) != none)
      |                                            ^~~~~~~~~
      |                                            OpenLoco::TrackRoadRemoveQueryFlags::malformed
~/Work/AROS-dev/aros-openloco/work/OpenLoco/src/OpenLoco/src/World/CompanyAi/CompanyAi.cpp:6477:9: note: 'OpenLoco::TrackRoadRemoveQueryFlags::malformed' declared here
 6477 |         malformed = 1U << 1,
      |         ^~~~~~~~~
~/Work/AROS-dev/aros-openloco/work/OpenLoco/src/OpenLoco/src/World/CompanyAi/CompanyAi.cpp:6979:56: error: 'hasStation' was not declared in this scope
 6979 |                         if ((trackFlags & (malformed | hasStation)) != none)
      |                                                        ^~~~~~~~~~
~/Work/AROS-dev/aros-openloco/work/OpenLoco/src/OpenLoco/src/World/CompanyAi/CompanyAi.cpp:6979:56: note: suggested alternatives:
~/Work/AROS-dev/aros-openloco/work/OpenLoco/src/OpenLoco/src/World/CompanyAi/CompanyAi.cpp:6478:9: note:   'OpenLoco::TrackRoadRemoveQueryFlags::hasStation'
 6478 |         hasStation = 1U << 2,
      |         ^~~~~~~~~~
In file included from ~/Work/AROS-dev/aros-openloco/work/OpenLoco/src/OpenLoco/src/World/CompanyAi/CompanyAi.cpp:63:
~/Work/AROS-dev/aros-openloco/work/OpenLoco/src/OpenLoco/include/OpenLoco/Vehicles/Vehicle.h:244:9: note:   'OpenLoco::Vehicles::RoadOccupationFlags::hasStation'
  244 |         hasStation = 1U << 3,
      |         ^~~~~~~~~~
~/Work/AROS-dev/aros-openloco/work/OpenLoco/src/OpenLoco/src/World/CompanyAi/CompanyAi.cpp:6979:72: error: 'none' was not declared in this scope
 6979 |                         if ((trackFlags & (malformed | hasStation)) != none)
      |                                                                        ^~~~
~/Work/AROS-dev/aros-openloco/work/OpenLoco/src/OpenLoco/src/World/CompanyAi/CompanyAi.cpp:6979:72: note: suggested alternatives:
~/Work/AROS-dev/aros-openloco/work/OpenLoco/src/OpenLoco/src/World/CompanyAi/CompanyAi.cpp:6473:9: note:   'OpenLoco::TrackRoadRemoveQueryFlags::none'
 6473 |         none = 0,
      |         ^~~~
~/Work/AROS-dev/aros-openloco/work/OpenLoco/src/OpenLoco/src/World/CompanyAi/CompanyAi.cpp:100:9: note:   'OpenLoco::ThoughtTypeFlags::none'
  100 |         none = 0U,
      |         ^~~~
In file included from ~/Work/AROS-dev/aros-openloco/work/OpenLoco/src/OpenLoco/include/OpenLoco/Vehicles/Vehicle.h:5,
                 from ~/Work/AROS-dev/aros-openloco/work/OpenLoco/src/OpenLoco/src/World/CompanyAi/CompanyAi.cpp:63:
~/Work/AROS-dev/aros-openloco/work/OpenLoco/src/OpenLoco/include/OpenLoco/Objects/VehicleObject.h:219:9: note:   'OpenLoco::DrivingSoundType::none'
  219 |         none,
      |         ^~~~
~/Work/AROS-dev/aros-openloco/work/OpenLoco/src/OpenLoco/include/OpenLoco/Objects/VehicleObject.h:191:9: note:   'OpenLoco::VehicleObjectFlags::none'
  191 |         none = 0U,
      |         ^~~~
~/Work/AROS-dev/aros-openloco/work/OpenLoco/src/OpenLoco/include/OpenLoco/Objects/VehicleObject.h:150:9: note:   'OpenLoco::BodySpriteFlags::none'
  150 |         none = 0U,
      |         ^~~~
In file included from ~/Work/AROS-dev/aros-openloco/work/OpenLoco/src/OpenLoco/include/OpenLoco/Vehicles/Vehicle.h:5,
                 from ~/Work/AROS-dev/aros-openloco/work/OpenLoco/src/OpenLoco/src/World/CompanyAi/CompanyAi.cpp:63:
~/Work/AROS-dev/aros-openloco/work/OpenLoco/src/OpenLoco/include/OpenLoco/Objects/VehicleObject.h:120:9: note:   'OpenLoco::BogieSpriteFlags::none'
  120 |         none = 0U,
      |         ^~~~
~/Work/AROS-dev/aros-openloco/work/OpenLoco/src/OpenLoco/include/OpenLoco/Objects/VehicleObject.h:30:9: note:   'OpenLoco::EmitterAnimationType::none'
   30 |         none = 0,
      |         ^~~~
In file included from ~/Work/AROS-dev/aros-openloco/work/OpenLoco/src/OpenLoco/src/World/CompanyAi/CompanyAi.cpp:60:
~/Work/AROS-dev/aros-openloco/work/OpenLoco/src/OpenLoco/include/OpenLoco/Objects/TreeObject.h:22:9: note:   'OpenLoco::TreeObjectFlags::none'
   22 |         none = 0U,
      |         ^~~~
In file included from ~/Work/AROS-dev/aros-openloco/work/OpenLoco/src/OpenLoco/src/World/CompanyAi/CompanyAi.cpp:59:
~/Work/AROS-dev/aros-openloco/work/OpenLoco/src/OpenLoco/include/OpenLoco/Objects/TrainStationObject.h:26:9: note:   'OpenLoco::TrainStationFlags::none'
   26 |         none = 0U,
      |         ^~~~
In file included from ~/Work/AROS-dev/aros-openloco/work/OpenLoco/src/OpenLoco/src/World/CompanyAi/CompanyAi.cpp:58:
~/Work/AROS-dev/aros-openloco/work/OpenLoco/src/OpenLoco/include/OpenLoco/Objects/TrainSignalObject.h:22:9: note:   'OpenLoco::TrainSignalObjectFlags::none'
   22 |         none = 0U,
      |         ^~~~
In file included from ~/Work/AROS-dev/aros-openloco/work/OpenLoco/src/OpenLoco/src/World/CompanyAi/CompanyAi.cpp:57:
~/Work/AROS-dev/aros-openloco/work/OpenLoco/src/OpenLoco/include/OpenLoco/Objects/TrackObject.h:23:9: note:   'OpenLoco::TrackObjectFlags::none'
   23 |         none = 0U,
      |         ^~~~
In file included from ~/Work/AROS-dev/aros-openloco/work/OpenLoco/src/OpenLoco/src/World/CompanyAi/CompanyAi.cpp:55:
~/Work/AROS-dev/aros-openloco/work/OpenLoco/src/OpenLoco/include/OpenLoco/Objects/RoadStationObject.h:25:9: note:   'OpenLoco::RoadStationFlags::none'
   25 |         none = 0U,
      |         ^~~~
In file included from ~/Work/AROS-dev/aros-openloco/work/OpenLoco/src/OpenLoco/src/World/CompanyAi/CompanyAi.cpp:54:
~/Work/AROS-dev/aros-openloco/work/OpenLoco/src/OpenLoco/include/OpenLoco/Objects/RoadObject.h:26:9: note:   'OpenLoco::RoadObjectFlags::none'
   26 |         none = 0U,
      |         ^~~~
In file included from ~/Work/AROS-dev/aros-openloco/work/OpenLoco/src/OpenLoco/src/World/CompanyAi/CompanyAi.cpp:50:
~/Work/AROS-dev/aros-openloco/work/OpenLoco/src/OpenLoco/include/OpenLoco/Objects/DockObject.h:23:9: note:   'OpenLoco::DockObjectFlags::none'
   23 |         none = 0,
      |         ^~~~
In file included from ~/Work/AROS-dev/aros-openloco/work/OpenLoco/src/OpenLoco/src/World/CompanyAi/CompanyAi.cpp:48:
~/Work/AROS-dev/aros-openloco/work/OpenLoco/src/OpenLoco/include/OpenLoco/Objects/CargoObject.h:17:9: note:   'OpenLoco::CargoObjectFlags::none'
   17 |         none = 0U,
      |         ^~~~
In file included from ~/Work/AROS-dev/aros-openloco/work/OpenLoco/src/OpenLoco/src/World/CompanyAi/CompanyAi.cpp:47:
~/Work/AROS-dev/aros-openloco/work/OpenLoco/src/OpenLoco/include/OpenLoco/Objects/BuildingObject.h:42:9: note:   'OpenLoco::TownAmenityCategory::none'
   42 |         none = 0xFFU,  // Most buildings will have this category
      |         ^~~~
~/Work/AROS-dev/aros-openloco/work/OpenLoco/src/OpenLoco/include/OpenLoco/Objects/BuildingObject.h:23:9: note:   'OpenLoco::BuildingObjectFlags::none'
   23 |         none = 0U,
      |         ^~~~
In file included from ~/Work/AROS-dev/aros-openloco/work/OpenLoco/src/OpenLoco/src/World/CompanyAi/CompanyAi.cpp:46:
~/Work/AROS-dev/aros-openloco/work/OpenLoco/src/OpenLoco/include/OpenLoco/Objects/BridgeObject.h:24:9: note:   'OpenLoco::BridgeObjectFlags::none'
   24 |         none = 0U,
      |         ^~~~
In file included from ~/Work/AROS-dev/aros-openloco/work/OpenLoco/src/OpenLoco/src/World/CompanyAi/CompanyAi.cpp:45:
~/Work/AROS-dev/aros-openloco/work/OpenLoco/src/OpenLoco/include/OpenLoco/Objects/AirportObject.h:39:9: note:   'OpenLoco::AirportObjectFlags::none'
   39 |         none = 0,
      |         ^~~~
~/Work/AROS-dev/aros-openloco/work/OpenLoco/src/OpenLoco/include/OpenLoco/Objects/AirportObject.h:24:9: note:   'OpenLoco::AirportMovementNodeFlags::none'
   24 |         none = 0U,
      |         ^~~~
In file included from ~/Work/AROS-dev/aros-openloco/work/OpenLoco/src/OpenLoco/include/OpenLoco/GameState.h:16,
                 from ~/Work/AROS-dev/aros-openloco/work/OpenLoco/src/OpenLoco/src/World/CompanyAi/CompanyAi.cpp:32:
~/Work/AROS-dev/aros-openloco/work/OpenLoco/src/OpenLoco/include/OpenLoco/World/Town.h:26:9: note:   'OpenLoco::TownGrowFlags::none'
   26 |         none = 0U,
      |         ^~~~
~/Work/AROS-dev/aros-openloco/work/OpenLoco/src/OpenLoco/include/OpenLoco/World/Town.h:18:9: note:   'OpenLoco::TownFlags::none'
   18 |         none = 0U,
      |         ^~~~
In file included from ~/Work/AROS-dev/aros-openloco/work/OpenLoco/src/OpenLoco/include/OpenLoco/GameState.h:15,
                 from ~/Work/AROS-dev/aros-openloco/work/OpenLoco/src/OpenLoco/src/World/CompanyAi/CompanyAi.cpp:32:
~/Work/AROS-dev/aros-openloco/work/OpenLoco/src/OpenLoco/include/OpenLoco/World/Station.h:80:9: note:   'OpenLoco::StationFlags::none'
   80 |         none = 0U,
      |         ^~~~
~/Work/AROS-dev/aros-openloco/work/OpenLoco/src/OpenLoco/include/OpenLoco/World/Station.h:28:9: note:   'OpenLoco::StationCargoStatsFlags::none'
   28 |         none = 0U,
      |         ^~~~
In file included from ~/Work/AROS-dev/aros-openloco/work/OpenLoco/src/OpenLoco/include/OpenLoco/World/IndustryManager.h:7,
                 from ~/Work/AROS-dev/aros-openloco/work/OpenLoco/src/OpenLoco/include/OpenLoco/GameState.h:14,
                 from ~/Work/AROS-dev/aros-openloco/work/OpenLoco/src/OpenLoco/src/World/CompanyAi/CompanyAi.cpp:32:
~/Work/AROS-dev/aros-openloco/work/OpenLoco/src/OpenLoco/include/OpenLoco/Objects/IndustryObject.h:22:9: note:   'OpenLoco::IndustryObjectFlags::none'
   22 |         none = 0U,
      |         ^~~~
In file included from ~/Work/AROS-dev/aros-openloco/work/OpenLoco/src/OpenLoco/include/OpenLoco/GameState.h:13,
                 from ~/Work/AROS-dev/aros-openloco/work/OpenLoco/src/OpenLoco/src/World/CompanyAi/CompanyAi.cpp:32:
~/Work/AROS-dev/aros-openloco/work/OpenLoco/src/OpenLoco/include/OpenLoco/World/Industry.h:27:9: note:   'OpenLoco::IndustryFlags::none'
   27 |         none = 0U,
      |         ^~~~
In file included from ~/Work/AROS-dev/aros-openloco/work/OpenLoco/src/OpenLoco/include/OpenLoco/Ui/Window.h:14,
                 from ~/Work/AROS-dev/aros-openloco/work/OpenLoco/src/OpenLoco/include/OpenLoco/Ui/LastMapWindowAttributes.h:3,
                 from ~/Work/AROS-dev/aros-openloco/work/OpenLoco/src/OpenLoco/include/OpenLoco/GameState.h:10,
                 from ~/Work/AROS-dev/aros-openloco/work/OpenLoco/src/OpenLoco/src/World/CompanyAi/CompanyAi.cpp:32:
~/Work/AROS-dev/aros-openloco/work/OpenLoco/src/OpenLoco/include/OpenLoco/World/Company.h:38:9: note:   'OpenLoco::AiPlaystyleFlags::none'
   38 |         none = 0U,
      |         ^~~~
~/Work/AROS-dev/aros-openloco/work/OpenLoco/src/OpenLoco/include/OpenLoco/World/Company.h:21:9: note:   'OpenLoco::CompanyFlags::none'
   21 |         none = 0U,
      |         ^~~~
In file included from ~/Work/AROS-dev/aros-openloco/work/OpenLoco/src/OpenLoco/include/OpenLoco/GameState.h:7,
                 from ~/Work/AROS-dev/aros-openloco/work/OpenLoco/src/OpenLoco/src/World/CompanyAi/CompanyAi.cpp:32:
~/Work/AROS-dev/aros-openloco/work/OpenLoco/src/OpenLoco/include/OpenLoco/Message.h:74:9: note:   'OpenLoco::MessageTypeFlags::none'
   74 |         none = 0U,
      |         ^~~~
In file included from ~/Work/AROS-dev/aros-openloco/work/OpenLoco/src/OpenLoco/src/World/CompanyAi/CompanyAi.cpp:1:
~/Work/AROS-dev/aros-openloco/work/OpenLoco/src/OpenLoco/include/OpenLoco/World/CompanyAi/CompanyAi.h:97:9: note:   'OpenLoco::AiPurchaseFlags::none'
   97 |         none = 0,
      |         ^~~~
~/Work/AROS-dev/aros-openloco/work/OpenLoco/src/OpenLoco/include/OpenLoco/World/CompanyAi/CompanyAi.h:88:9: note:   'OpenLoco::AiThoughtStationFlags::none'
   88 |         none = 0U,
      |         ^~~~
In file included from /Volumes/arosmain/toolchain-mainline/lib/gcc/x86_64-aros/10.5.0/include/c++/filesystem:44,
                 from ~/Work/AROS-dev/aros-openloco/deps/mainline-v1/src/fmt/include/fmt/std.h:32,
                 from ~/Work/AROS-dev/aros-openloco/work/OpenLoco/src/Diagnostics/include/OpenLoco/Diagnostics/Logging.h:6,
                 from ~/Work/AROS-dev/aros-openloco/work/OpenLoco/src/OpenLoco/include/OpenLoco/Logging.h:3,
                 from ~/Work/AROS-dev/aros-openloco/work/OpenLoco/src/OpenLoco/src/World/CompanyAi/CompanyAi.cpp:33:
/Volumes/arosmain/toolchain-mainline/lib/gcc/x86_64-aros/10.5.0/include/c++/bits/fs_fwd.h:252:7: note:   'std::filesystem::directory_options::none'
  252 |       none = 0, follow_directory_symlink = 1, skip_permission_denied = 2
      |       ^~~~
/Volumes/arosmain/toolchain-mainline/lib/gcc/x86_64-aros/10.5.0/include/c++/bits/fs_fwd.h:135:7: note:   'std::filesystem::perms::none'
  135 |       none  =  0,
      |       ^~~~
/Volumes/arosmain/toolchain-mainline/lib/gcc/x86_64-aros/10.5.0/include/c++/bits/fs_fwd.h:82:7: note:   'std::filesystem::copy_options::none'
   82 |       none = 0,
      |       ^~~~
/Volumes/arosmain/toolchain-mainline/lib/gcc/x86_64-aros/10.5.0/include/c++/bits/fs_fwd.h:76:7: note:   'std::filesystem::file_type::none'
   76 |       none = 0, not_found = -1, regular = 1, directory = 2, symlink = 3,
      |       ^~~~
In file included from ~/Work/AROS-dev/aros-openloco/work/OpenLoco/src/OpenLoco/include/OpenLoco/Map/TileState.h:12,
                 from ~/Work/AROS-dev/aros-openloco/work/OpenLoco/src/OpenLoco/include/OpenLoco/GameState.h:5,
                 from ~/Work/AROS-dev/aros-openloco/work/OpenLoco/src/OpenLoco/src/World/CompanyAi/CompanyAi.cpp:32:
~/Work/AROS-dev/aros-openloco/work/OpenLoco/src/OpenLoco/include/OpenLoco/Map/WallElement.h:11:9: note:   'OpenLoco::World::EdgeSlope::none'
   11 |         none = 0U,
      |         ^~~~
In file included from ~/Work/AROS-dev/aros-openloco/work/OpenLoco/src/OpenLoco/src/World/CompanyAi/CompanyAi.cpp:66:
~/Work/AROS-dev/aros-openloco/work/OpenLoco/src/OpenLoco/include/OpenLoco/Vehicles/VehicleHead.h:28:9: note:   'OpenLoco::Vehicles::WaterMotionFlags::none'
   28 |         none = 0U,
      |         ^~~~
In file included from ~/Work/AROS-dev/aros-openloco/work/OpenLoco/src/OpenLoco/src/World/CompanyAi/CompanyAi.cpp:64:
~/Work/AROS-dev/aros-openloco/work/OpenLoco/src/OpenLoco/include/OpenLoco/Vehicles/Vehicle2.h:18:9: note:   'OpenLoco::Vehicles::Flags73::none'
   18 |         none = 0U,
      |         ^~~~
In file included from ~/Work/AROS-dev/aros-openloco/work/OpenLoco/src/OpenLoco/src/World/CompanyAi/CompanyAi.cpp:63:
~/Work/AROS-dev/aros-openloco/work/OpenLoco/src/OpenLoco/include/OpenLoco/Vehicles/Vehicle.h:240:9: note:   'OpenLoco::Vehicles::RoadOccupationFlags::none'
  240 |         none = 0U,
      |         ^~~~
In file included from ~/Work/AROS-dev/aros-openloco/work/OpenLoco/src/OpenLoco/src/World/CompanyAi/CompanyAi.cpp:63:
~/Work/AROS-dev/aros-openloco/work/OpenLoco/src/OpenLoco/include/OpenLoco/Vehicles/Vehicle.h:169:9: note:   'OpenLoco::Vehicles::SignalStateFlags::none'
  169 |         none = 0U,
      |         ^~~~
~/Work/AROS-dev/aros-openloco/work/OpenLoco/src/OpenLoco/include/OpenLoco/Vehicles/Vehicle.h:83:9: note:   'OpenLoco::Vehicles::VehicleFlags::none'
   83 |         none = 0U,
      |         ^~~~
~/Work/AROS-dev/aros-openloco/work/OpenLoco/src/OpenLoco/include/OpenLoco/Vehicles/Vehicle.h:69:9: note:   'OpenLoco::Vehicles::BreakdownFlags::none'
   69 |         none = 0U,
      |         ^~~~
~/Work/AROS-dev/aros-openloco/work/OpenLoco/src/OpenLoco/include/OpenLoco/Vehicles/Vehicle.h:46:9: note:   'OpenLoco::Vehicles::UpdateVar1136114Flags::none'
   46 |         none = 0U,
      |         ^~~~
~/Work/AROS-dev/aros-openloco/work/OpenLoco/src/OpenLoco/include/OpenLoco/Vehicles/Vehicle.h:38:9: note:   'OpenLoco::Vehicles::SoundFlags::none'
   38 |         none = 0U,
      |         ^~~~
~/Work/AROS-dev/aros-openloco/work/OpenLoco/src/OpenLoco/include/OpenLoco/Vehicles/Vehicle.h:26:9: note:   'OpenLoco::Vehicles::Flags38::none'
   26 |         none = 0U,
      |         ^~~~
In file included from ~/Work/AROS-dev/aros-openloco/work/OpenLoco/src/OpenLoco/src/World/CompanyAi/CompanyAi.cpp:62:
~/Work/AROS-dev/aros-openloco/work/OpenLoco/src/OpenLoco/include/OpenLoco/Vehicles/Orders.h:22:9: note:   'OpenLoco::Vehicles::OrderFlags::none'
   22 |         none = 0U,
      |         ^~~~
In file included from ~/Work/AROS-dev/aros-openloco/work/OpenLoco/src/OpenLoco/include/OpenLoco/GameCommands/Airports/CreateAirport.h:3,
                 from ~/Work/AROS-dev/aros-openloco/work/OpenLoco/src/OpenLoco/src/World/CompanyAi/CompanyAi.cpp:4:
~/Work/AROS-dev/aros-openloco/work/OpenLoco/src/OpenLoco/include/OpenLoco/GameCommands/GameCommands.h:40:9: note:   'OpenLoco::GameCommands::Flags::none'
   40 |         none = 0U,
      |         ^~~~
In file included from ~/Work/AROS-dev/aros-openloco/work/OpenLoco/src/OpenLoco/include/OpenLoco/GameState.h:9,
                 from ~/Work/AROS-dev/aros-openloco/work/OpenLoco/src/OpenLoco/src/World/CompanyAi/CompanyAi.cpp:32:
~/Work/AROS-dev/aros-openloco/work/OpenLoco/src/OpenLoco/include/OpenLoco/Scenario/ScenarioObjective.h:9:9: note:   'OpenLoco::Scenario::ObjectiveFlags::none'
    9 |         none = 0U,
      |         ^~~~
In file included from ~/Work/AROS-dev/aros-openloco/work/OpenLoco/src/OpenLoco/include/OpenLoco/Ui/Window.h:5,
                 from ~/Work/AROS-dev/aros-openloco/work/OpenLoco/src/OpenLoco/include/OpenLoco/Ui/LastMapWindowAttributes.h:3,
                 from ~/Work/AROS-dev/aros-openloco/work/OpenLoco/src/OpenLoco/include/OpenLoco/GameState.h:10,
                 from ~/Work/AROS-dev/aros-openloco/work/OpenLoco/src/OpenLoco/src/World/CompanyAi/CompanyAi.cpp:32:
~/Work/AROS-dev/aros-openloco/work/OpenLoco/src/OpenLoco/include/OpenLoco/Graphics/Gfx.h:51:9: note:   'OpenLoco::Gfx::G1ElementFlags::none'
   51 |         none = 0U,
      |         ^~~~
In file included from ~/Work/AROS-dev/aros-openloco/work/OpenLoco/src/OpenLoco/include/OpenLoco/Ui/LastMapWindowAttributes.h:3,
                 from ~/Work/AROS-dev/aros-openloco/work/OpenLoco/src/OpenLoco/include/OpenLoco/GameState.h:10,
                 from ~/Work/AROS-dev/aros-openloco/work/OpenLoco/src/OpenLoco/src/World/CompanyAi/CompanyAi.cpp:32:
~/Work/AROS-dev/aros-openloco/work/OpenLoco/src/OpenLoco/include/OpenLoco/Ui/Window.h:42:9: note:   'OpenLoco::Ui::WindowFlags::none'
   42 |         none = 0U,
      |         ^~~~
In file included from ~/Work/AROS-dev/aros-openloco/work/OpenLoco/src/OpenLoco/include/OpenLoco/Ui/Window.h:13,
                 from ~/Work/AROS-dev/aros-openloco/work/OpenLoco/src/OpenLoco/include/OpenLoco/Ui/LastMapWindowAttributes.h:3,
                 from ~/Work/AROS-dev/aros-openloco/work/OpenLoco/src/OpenLoco/include/OpenLoco/GameState.h:10,
                 from ~/Work/AROS-dev/aros-openloco/work/OpenLoco/src/OpenLoco/src/World/CompanyAi/CompanyAi.cpp:32:
~/Work/AROS-dev/aros-openloco/work/OpenLoco/src/OpenLoco/include/OpenLoco/Viewport.hpp:51:9: note:   'OpenLoco::Ui::ViewportFlags::none'
   51 |         none = 0U,
      |         ^~~~
In file included from ~/Work/AROS-dev/aros-openloco/work/OpenLoco/src/OpenLoco/include/OpenLoco/Ui/Window.h:10,
                 from ~/Work/AROS-dev/aros-openloco/work/OpenLoco/src/OpenLoco/include/OpenLoco/Ui/LastMapWindowAttributes.h:3,
                 from ~/Work/AROS-dev/aros-openloco/work/OpenLoco/src/OpenLoco/include/OpenLoco/GameState.h:10,
                 from ~/Work/AROS-dev/aros-openloco/work/OpenLoco/src/OpenLoco/src/World/CompanyAi/CompanyAi.cpp:32:
~/Work/AROS-dev/aros-openloco/work/OpenLoco/src/OpenLoco/include/OpenLoco/Ui/ScrollFlags.hpp:34:9: note:   'OpenLoco::Ui::ScrollFlags::none'
   34 |         none = 0U,
      |         ^~~~
~/Work/AROS-dev/aros-openloco/work/OpenLoco/src/OpenLoco/include/OpenLoco/Ui/ScrollFlags.hpp:10:9: note:   'OpenLoco::Ui::ScrollPart::none'
   10 |         none = -1,
      |         ^~~~
In file included from ~/Work/AROS-dev/aros-openloco/work/OpenLoco/src/OpenLoco/include/OpenLoco/GameState.h:14,
                 from ~/Work/AROS-dev/aros-openloco/work/OpenLoco/src/OpenLoco/src/World/CompanyAi/CompanyAi.cpp:32:
~/Work/AROS-dev/aros-openloco/work/OpenLoco/src/OpenLoco/include/OpenLoco/World/IndustryManager.h:15:9: note:   'OpenLoco::IndustryManager::Flags::none'
   15 |         none = 0U,
      |         ^~~~
In file included from ~/Work/AROS-dev/aros-openloco/work/OpenLoco/src/OpenLoco/src/World/CompanyAi/CompanyAi.cpp:39:
~/Work/AROS-dev/aros-openloco/work/OpenLoco/src/OpenLoco/include/OpenLoco/Map/TileManager.h:38:9: note:   'OpenLoco::World::TileManager::ElementPositionFlags::none'
   38 |         none = 0U,
      |         ^~~~
In file included from ~/Work/AROS-dev/aros-openloco/work/OpenLoco/src/OpenLoco/include/OpenLoco/Objects/BridgeObject.h:3,
                 from ~/Work/AROS-dev/aros-openloco/work/OpenLoco/src/OpenLoco/src/World/CompanyAi/CompanyAi.cpp:46:
~/Work/AROS-dev/aros-openloco/work/OpenLoco/src/OpenLoco/include/OpenLoco/Map/Track/TrackEnum.h:76:9: note:   'OpenLoco::World::Track::CommonTraitFlags::none'
   76 |         none = 0U,
      |         ^~~~
~/Work/AROS-dev/aros-openloco/work/OpenLoco/src/OpenLoco/include/OpenLoco/Map/Track/TrackEnum.h:112:9: note:   'OpenLoco::World::Track::RoadTraitFlags::none'
  112 |         none = 0U,
      |         ^~~~
~/Work/AROS-dev/aros-openloco/work/OpenLoco/src/OpenLoco/include/OpenLoco/Map/Track/TrackEnum.h:95:9: note:   'OpenLoco::World::Track::TrackTraitFlags::none'
   95 |         none = 0U,
      |         ^~~~
In file included from ~/Work/AROS-dev/aros-openloco/work/OpenLoco/src/OpenLoco/src/World/CompanyAi/CompanyAi.cpp:41:
~/Work/AROS-dev/aros-openloco/work/OpenLoco/src/OpenLoco/include/OpenLoco/Map/Track/TrackData.h:25:9: note:   'OpenLoco::World::TrackData::PreviewTrackFlags::none'
   25 |         none = 0U,
      |         ^~~~
In file included from ~/Work/AROS-dev/aros-openloco/work/OpenLoco/src/OpenLoco/include/OpenLoco/Ui/Window.h:10,
                 from ~/Work/AROS-dev/aros-openloco/work/OpenLoco/src/OpenLoco/include/OpenLoco/Ui/LastMapWindowAttributes.h:3,
                 from ~/Work/AROS-dev/aros-openloco/work/OpenLoco/src/OpenLoco/include/OpenLoco/GameState.h:10,
                 from ~/Work/AROS-dev/aros-openloco/work/OpenLoco/src/OpenLoco/src/World/CompanyAi/CompanyAi.cpp:32:
~/Work/AROS-dev/aros-openloco/work/OpenLoco/src/OpenLoco/include/OpenLoco/Ui/ScrollFlags.hpp:26:27: note:   'OpenLoco::Ui::Scrollbars::none'
   26 |         constexpr uint8_t none = 0;
      |                           ^~~~
